,mean_profile
1,0.06977030384008
2,0.0517743307091399
3,0.0404430336342114
4,0.0479231840659462
5,0.0622768897580379
6,0.0489285927149676
7,0.0641489059418957
8,0.1081741224510764
9,0.1208196041040646
10,0.1399874427376709
11,0.1398479380403405
12,0.1287417737742299
13,0.1573271466072769
14,0.1354070949768379
15,0.1318645806363508
16,0.1177017139522403
17,0.1000246211541132
18,0.1110979962334716
19,0.0979368675258517
20,0.1066461967516463
21,0.1257274569413881
22,0.1793810808230225
23,0.1871858912656047
24,0.0740982225518439
25,0.0486583174531489
26,0.0514064595033336
27,0.053136328273498
28,0.048698912266712205
29,0.0453204825300771
30,0.0554795436741667
31,0.0748880596323029
32,0.0893479098712557
33,0.1127925460600455
34,0.14903802974657
35,0.1453987776766475
36,0.1113301922060006
37,0.1374823092874481
38,0.1383613225153371
39,0.1308040993592206
40,0.1197814463618048
41,0.1103779804483669
42,0.1084760202035328
43,0.0962746690492333
44,0.0999399444467757
45,0.1350435881937107
46,0.17366785644867822
47,0.1763574119259766
48,0.0746610262802738
49,0.0526241283700071
50,0.051797854914704095
51,0.04759227523803
52,0.0466797448168102
53,0.0515506011647213
54,0.0553446340487384
55,0.0668958687590725
56,0.0935243023657049
57,0.1222106573513212
58,0.1335610859367646
59,0.14659060997945028
60,0.1248088295061674
61,0.1423326477216275
62,0.1460525975428236
63,0.1336196186210138
64,0.1082135087361572
65,0.1041903550956607
66,0.11637348696110289
67,0.1076414619769391
68,0.1021344124245597
69,0.1387253447781963
70,0.18878133819111048
71,0.1805116952538697
72,0.0735845519750401
73,0.0583420584062958
74,0.0629095931361835
75,0.0591725315618924
76,0.0508547158635349
77,0.056240222564393205
78,0.0556683507032985
79,0.0632872549785719
80,0.0788226990529495
81,0.1041059663447213
82,0.1639833327297887
83,0.1703043307197065
84,0.141170731713153
85,0.1425243890866281
86,0.16523685294175472
87,0.0988477153271974
88,0.13286018614187628
89,0.1493409319189204
90,0.1135143973959718
91,0.08854493627682089
92,0.0962610936562208
93,0.1614106263617435
94,0.176248101949353
95,0.13795522374123081
96,0.0674127863489201
97,0.059218194133250995
98,0.0618730903756784
99,0.0571417308449572
100,0.0505605746905552
101,0.0599937576585958
102,0.0554076193499063
103,0.0662141363008723
104,0.0774068856264881
105,0.10672843898574741
106,0.17117455824781308
107,0.1670197651358445
108,0.15282321829825268
109,0.14376251002619062
110,0.1609058180760795
111,0.0998391659978046
112,0.1255822918266282
113,0.1373135369624409
114,0.1152201510493477
115,0.0909456682075499
116,0.0965223336014244
117,0.1555266030071088
118,0.1696525169189556
119,0.14883818500035859
120,0.0712231824533149
121,0.051702967932485
122,0.0526752546369976
123,0.0506557277902749
124,0.049262714757219696
125,0.0486718269696461
126,0.0545456892269477
127,0.0706817884727377
128,0.0910910149320949
129,0.1150336190764269
130,0.1385563192244538
131,0.1401627671637937
132,0.12621640052459898
133,0.1491106345108254
134,0.1461925198254898
135,0.1344862371219535
136,0.1090773466740772
137,0.1021110112740724
138,0.1047281643058665
139,0.09638499461066849
140,0.0924920774746729
141,0.1323535436028778
142,0.1816788592238546
143,0.1896156995449374
144,0.0837994584791509
145,0.053548271429719504
146,0.0536732671161476
147,0.0486374054973146
148,0.0485967292442462
149,0.0526680583943393
150,0.0557452494417678
151,0.072348583486062
152,0.0950617297723935
153,0.12042610150583541
154,0.1474352047958578
155,0.1482222483876796
156,0.1223134787404032
157,0.154214195920517
158,0.1498925177990219
159,0.13803146379163
160,0.10722534977155809
161,0.1000483433984212
162,0.1020268761072489
163,0.0978462972602215
164,0.099541125453571
165,0.1446425480654819
166,0.1790607303348736
167,0.1738540443040504
168,0.07591960245973481
169,0.0518599328067188
170,0.0510762574320277
171,0.0510487979258203
172,0.049090945769119
173,0.048664926829286095
174,0.053544574808136
175,0.07482194941427331
176,0.0946513208937058
177,0.115949292644681
178,0.1395886113339882
179,0.15011285829379512
180,0.1206905110093125
181,0.14081975510149
182,0.1597452607556325
183,0.134746439715887
184,0.1180838945957288
185,0.1079097053456767
186,0.1034631569518794
187,0.0903750193426109
188,0.0963291876965814
189,0.1368015942197501
190,0.191902378849971
191,0.17513049833403438
192,0.074606048647863
193,0.0543510717951461
194,0.0507316798826877
195,0.0493643434658096
196,0.0507448563165745
197,0.0522198210201375
198,0.0535253679226546
199,0.07222572346497741
200,0.0949742529531312
201,0.1034222661099709
202,0.1252567675349241
203,0.1449123952238447
204,0.121929507109066
205,0.1477426053416911
206,0.1450876358251048
207,0.1449301068902908
208,0.117423230123102
209,0.0981692782331926
210,0.112436903420815
211,0.1001237136182328
212,0.09702414196100351
213,0.1435044721398323
214,0.1924490012356368
215,0.1787943565275147
216,0.0776454934193285
217,0.050235971245808905
218,0.0527149835870493
219,0.0502136949205765
220,0.0497115448088121
221,0.049107214080854
222,0.0548606592551081
223,0.0709777860234746
224,0.09133375979030439
225,0.11218929935325508
226,0.138206534767431
227,0.1461016287609161
228,0.1273877123443661
229,0.153035058364014
230,0.1531847804568457
231,0.1311689932339625
232,0.1082773349033685
233,0.1054271728653953
234,0.1099145778724405
235,0.0968943178065097
236,0.0975215863231034
237,0.13711972261824498
238,0.1917802544046887
239,0.1790962855162134
240,0.07448041142249939
241,0.062385107427485396
242,0.0680065828167153
243,0.0578956132388357
244,0.0509453232179721
245,0.0636118757598169
246,0.0609457333961692
247,0.0655304014158106
248,0.0754827076874804
249,0.0993258204605772
250,0.1652615797249004
251,0.1600678972905899
252,0.1455688009927515
253,0.1347317046390464
254,0.1535443167842201
255,0.0964686133094133
256,0.12461327595791509
257,0.1314813904862381
258,0.1105363808297076
259,0.0901682066212498
260,0.0918861565025085
261,0.15010962902631358
262,0.1835118319834139
263,0.1629591702514077
264,0.0738779182980141
265,0.0602276402241444
266,0.0663319016897089
267,0.0631538868836317
268,0.051740948298796
269,0.0619006138166762
270,0.059835077430654
271,0.06742462443303271
272,0.0789811514354523
273,0.1130656594421916
274,0.1650580425656387
275,0.16907690438933148
276,0.1453093937716275
277,0.1470721534831208
278,0.1730028964084084
279,0.10205041025437381
280,0.1262537287167198
281,0.13416146341868
282,0.1166487327260692
283,0.094817781413253
284,0.09663287466725559
285,0.1559202460322374
286,0.176384696410548
287,0.14398448274837441
288,0.072472187763267
289,0.0515004972341473
290,0.0506815142744855
291,0.0499209759811254
292,0.049296843767848694
293,0.0503010279393055
294,0.053244934269694004
295,0.0724605522172849
296,0.1010063438526688
297,0.1199945383430394
298,0.1396009859145959
299,0.1392049031835515
300,0.1184543051309142
301,0.1471851333766478
302,0.14875114153371
303,0.1329313340013103
304,0.1246706794030092
305,0.115093282270915
306,0.1108201442792384
307,0.09588051548488269
308,0.1016359769727854
309,0.1421732767276745
310,0.1861099857852724
311,0.1828873440998944
312,0.0807646718747113
313,0.0517382483231687
314,0.053964389777660104
315,0.050572189673127405
316,0.0513170986612662
317,0.0488454611411104
318,0.0516723211618853
319,0.0740592706634854
320,0.0954026534160411
321,0.1100045166976904
322,0.1329019105213683
323,0.1442718102877883
324,0.1289339784895153
325,0.1465884026300466
326,0.1412946011973211
327,0.1373309014407976
328,0.1191991764540554
329,0.10150513373463729
330,0.1047553327333534
331,0.0979971184308691
332,0.1064182389894295
333,0.1325692089081413
334,0.1818271177949476
335,0.181772776818168
336,0.08380967347318641
337,0.0519555039316502
338,0.0531325221626225
339,0.0483413863144835
340,0.0470238987325145
341,0.0519923271468129
342,0.0558469432955113
343,0.0684629948161864
344,0.0930820701087976
345,0.1088711806975437
346,0.1314883005869666
347,0.1427340450749605
348,0.1275312168883037
349,0.1506762449625495
350,0.1448792184948855
351,0.1278072073221972
352,0.1177419008707057
353,0.11090886401949811
354,0.1053475279682472
355,0.1074714785786501
356,0.1015089801877601
357,0.1366508632316343
358,0.1888226676430846
359,0.1768416620036092
360,0.0804951041158182
361,0.0497442813308025
362,0.048979762237105796
363,0.0506809598467689
364,0.0502834441330769
365,0.0492165941081914
366,0.0499712072861443
367,0.0731188465497721
368,0.1001686879374083
369,0.1142076781259447
370,0.1457398658363512
371,0.1503426207453979
372,0.1214128092299858
373,0.1364134535127311
374,0.1463446867138832
375,0.1412231748570314
376,0.1200134607955045
377,0.1046161259560406
378,0.10446615022852909
379,0.0970670986654747
380,0.0962385754953005
381,0.12595783212653971
382,0.182786762597243
383,0.165976833584115
384,0.075992269361985
385,0.051407737891885505
386,0.0515278720863392
387,0.0490634455013542
388,0.0478881451478334
389,0.050095287694971
390,0.0525482010400089
391,0.0668832087330437
392,0.09381043115522811
393,0.1144823832566579
394,0.1466258621835839
395,0.1354642310518622
396,0.1217669058335194
397,0.1485010277451447
398,0.14306865066820101
399,0.1252423899104338
400,0.1130761013087371
401,0.1024308930102443
402,0.1195110306174465
403,0.1019566045544506
404,0.0997738956151521
405,0.1357523601494665
406,0.1767560716808633
407,0.178057122299525
408,0.0784332434440274
409,0.0622290198136937
410,0.060297761940030004
411,0.0541347318001511
412,0.0499878497737795
413,0.058980233793927694
414,0.0574306835799226
415,0.0665109791069361
416,0.0802934802511225
417,0.1069072290832562
418,0.1697773750808788
419,0.16315490925449
420,0.1465112854266711
421,0.14075779417855772
422,0.1758821303833066
423,0.0987034952370403
424,0.1247116730987349
425,0.141985091707186
426,0.1146176318318228
427,0.0915549674257033
428,0.0974592983212174
429,0.1601723777863914
430,0.1704818357986698
431,0.147123487285695
432,0.0667487843786794
433,0.0604416150958088
434,0.0663727864289876
435,0.0585377309318151
436,0.050474969664401195
437,0.0588722881565417
438,0.0537898741293927
439,0.0628104987153373
440,0.0770968034123515
441,0.1004158901376909
442,0.1679314599264716
443,0.1699356485755621
444,0.1409903170352863
445,0.1362972704288399
446,0.16617918156085282
447,0.0968789685329787
448,0.1349407979302441
449,0.14475804855292568
450,0.1136711032894812
451,0.0884829563397202
452,0.0920529674625784
453,0.1486305278513575
454,0.1643606737252862
455,0.14142990290264518
456,0.0669515315762182
457,0.0501563205173875
458,0.0501204008899279
459,0.0493902403861666
460,0.0498104535366943
461,0.0498267522047263
462,0.0542882215826162
463,0.0761007089530708
464,0.093812865341598
465,0.1070273761506353
466,0.1349282650759927
467,0.1359315067972219
468,0.12512635403614009
469,0.1564888319446159
470,0.1582423837505129
471,0.1315797821183316
472,0.1119414113778205
473,0.1026689230657088
474,0.1056121899445861
475,0.0979499304760851
476,0.0971237484219596
477,0.12987939496018092
478,0.19070476500430938
479,0.1854470363664615
480,0.0771176590587155
481,0.054081674983883096
482,0.0521486378577629
483,0.0498143167418124
484,0.049965150782454795
485,0.051269828550948596
486,0.056247603937284105
487,0.074031266868368
488,0.0961298263912161
489,0.1117547744985249
490,0.138031281961885
491,0.1439257581823762
492,0.1203467489016595
493,0.1455226449853954
494,0.1498774878096912
495,0.1322310553601359
496,0.1218973791760451
497,0.1042166346887908
498,0.1080083867664364
499,0.0956280846870117
500,0.0971259884637623
501,0.1334917279753772
502,0.1861688493848899
503,0.18196132304007512
504,0.0748034463007896
505,0.0506844139677182
506,0.051855054879152804
507,0.049321145728073
508,0.0486123659940008
509,0.0486382607659298
510,0.0534536795446284
511,0.0699817550461192
512,0.09296956301176429
513,0.1096569004428477
514,0.13508218781017162
515,0.14791330056920501
516,0.1244978491034487
517,0.147450757123105
518,0.1433626802297921
519,0.13562263882948208
520,0.1187538741449924
521,0.1003578456063027
522,0.0988451486654651
523,0.1000000610260107
524,0.0992454687190133
525,0.1448926613104807
526,0.1829782416721265
527,0.176994195320742
528,0.0766351508578488
529,0.0528748021175536
530,0.051977876361062506
531,0.0509662503062276
532,0.0505528861067395
533,0.0522791205575997
534,0.0541115185426306
535,0.0725914592337936
536,0.09852080766153501
537,0.10957450988009221
538,0.1307814716080612
539,0.151766345049936
540,0.130326500092828
541,0.1508324900346596
542,0.14822047152136558
543,0.1264610178080383
544,0.1201663436237439
545,0.1066361829723647
546,0.1064032596455292
547,0.0975789517136208
548,0.1007369491570072
549,0.1338447002109904
550,0.1680405547000804
551,0.1768133545108334
552,0.0823905583412044
553,0.0529156475944868
554,0.0533436616081952
555,0.0487733835333434
556,0.049207898568690595
557,0.051430765823980304
558,0.0556150572949965
559,0.0725256751071396
560,0.10235507557962001
561,0.1173479874565922
562,0.146412071394244
563,0.1435835006304711
564,0.1197436690615544
565,0.15837275958317448
566,0.14920821557100888
567,0.1447001453227244
568,0.1133528860140508
569,0.107666536972021
570,0.1045441122547067
571,0.1014366022721441
572,0.1064400280212574
573,0.1374269043442302
574,0.1800854446370581
575,0.1760928124310258
576,0.0757490215882385
577,0.0608253903437609
578,0.0612853119182424
579,0.0574888840662432
580,0.051044508186018
581,0.056457447239978795
582,0.0542542614424883
583,0.0659887666282349
584,0.0751491992108635
585,0.1090840017305651
586,0.1697666184525036
587,0.1604973952102975
588,0.134203013192792
589,0.1378725024977991
590,0.172606128492389
591,0.1009444490661973
592,0.1264939588225709
593,0.1445517786072743
594,0.11458712436599919
595,0.0875139616007088
596,0.0987843051745699
597,0.17107186419992398
598,0.17049947257183728
599,0.1408293833615889
600,0.06707838834208
601,0.061357723872482506
602,0.0611296855985432
603,0.0582704197396409
604,0.050024211431052096
605,0.06170244383886429
606,0.05866090887444379
607,0.0650559798010856
608,0.0853232945325159
609,0.1057798930899461
610,0.1713988443028015
611,0.1676807988285001
612,0.1377465135223235
613,0.1333052904310441
614,0.1580067503225952
615,0.0943917754649182
616,0.1242674920806748
617,0.1294371401859894
618,0.1214141389210935
619,0.0953383818759216
620,0.0924253949079657
621,0.1487867738183959
622,0.1653464290862771
623,0.1458248625352903
624,0.06946032101484009
625,0.0514118547357108
626,0.053433236083989
627,0.0502235948466626
628,0.0493507418612415
629,0.051124909711462
630,0.0520854978144701
631,0.0688109216302375
632,0.0990706203856126
633,0.1075396986435013
634,0.12914641081330258
635,0.1412372674947851
636,0.1212029177023515
637,0.1367957553046683
638,0.145383348964356
639,0.1272939431322881
640,0.1080908517137109
641,0.10100684054568
642,0.1027471198873508
643,0.0979030038821604
644,0.1057351347187343
645,0.13482375367503602
646,0.2043743278597682
647,0.18256254853892878
648,0.0702117300982906
649,0.0513068681241182
650,0.0528334813397571
651,0.0505147592212266
652,0.049322685079172895
653,0.0517226131027217
654,0.053660739920509
655,0.07061826406392391
656,0.0941388779075244
657,0.1119892638658017
658,0.1486426474936099
659,0.1489857755746637
660,0.1244514458467074
661,0.1458228326459656
662,0.1543663459711711
663,0.1359897619139566
664,0.10648809711246801
665,0.1036292751739095
666,0.0995667691084105
667,0.0960059708805599
668,0.1036910449621582
669,0.12513166106701512
670,0.1942458527189856
671,0.1831548224053833
672,0.0782781128379608
673,0.0526054254848254
674,0.0518742705747188
675,0.0488660836290489
676,0.048563824845228004
677,0.048184110072014
678,0.0548642456452544
679,0.0718058411386096
680,0.0943150017718196
681,0.1116890044906714
682,0.1391240844322551
683,0.1465038515132856
684,0.1290145276616681
685,0.15477873755275262
686,0.1482960958562546
687,0.1386497819271595
688,0.1156182318300559
689,0.10246505637476469
690,0.101023481349263
691,0.0956356018393757
692,0.1042217859694557
693,0.1307074054621292
694,0.1914999118712872
695,0.1757222869417854
696,0.0715656684913882
697,0.0522493274071634
698,0.050816828998547
699,0.0500192494785803
700,0.0489641074437498
701,0.0505446353444977
702,0.053275423517499004
703,0.07241440250007469
704,0.0953356137549654
705,0.108663406496033
706,0.1325342656486873
707,0.1431113296675326
708,0.1290816112561091
709,0.1506976808612791
710,0.1428980035710076
711,0.1346664913777241
712,0.1161632471634315
713,0.1007001488018612
714,0.0982674076786635
715,0.101503591280637
716,0.11004104418991639
717,0.1310015382579494
718,0.173626196748573
719,0.1756933269983284
720,0.0767484045008039
721,0.0525481196564912
722,0.0526348945499259
723,0.0488319468548932
724,0.0485619644334596
725,0.0506629608686215
726,0.0546320265244395
727,0.06934373887831119
728,0.0966912475619047
729,0.11541988124521299
730,0.1420880427899729
731,0.14457905949084582
732,0.1215099784073109
733,0.1507684605244785
734,0.1512630279130239
735,0.1336532233901058
736,0.1188805089875872
737,0.1081033109390325
738,0.1047990988501558
739,0.0999816276085159
740,0.10198555751004279
741,0.1379949941381623
742,0.1940082247611161
743,0.1788850267851777
744,0.073028393099065
745,0.0615072245191102
746,0.0631678390907835
747,0.0582356013592433
748,0.0491818112651564
749,0.05776710232137
750,0.0563135250581981
751,0.0633970081294573
752,0.0720486048428014
753,0.1096630446097535
754,0.1668819769815573
755,0.1651958661510897
756,0.1373071758256567
757,0.1335379189996694
758,0.1700743331400697
759,0.0972378221635221
760,0.13552693732739549
761,0.1448351518055463
762,0.11521870782835911
763,0.0898676759567732
764,0.0966955283239028
765,0.15527509019453611
766,0.1858582445005661
767,0.1600820002200431
768,0.0705764930621223
769,0.0618400555710427
770,0.063771056433406
771,0.0582540377719647
772,0.050830085880119696
773,0.0587269354851782
774,0.057686227851049904
775,0.0627856172904409
776,0.07559447447591511
777,0.1082759255280997
778,0.1764004695465092
779,0.1638561182859347
780,0.1372962512146615
781,0.1478866714928939
782,0.1780038978984353
783,0.10577389355225511
784,0.1316998977408894
785,0.1480260184698467
786,0.1141661302723981
787,0.0925946104603183
788,0.0944501086825066
789,0.1602283229938825
790,0.1683000490575336
791,0.1370322194010327
792,0.066174441883768
793,0.0512652865618593
794,0.0507378798581248
795,0.0487968616291605
796,0.0479103109224048
797,0.052382696384987
798,0.055714078059408
799,0.0712795992856152
800,0.0964866219616309
801,0.1157871738870277
802,0.1378426108428491
803,0.146887331601075
804,0.11703490932104059
805,0.142968090182172
806,0.14352266628300808
807,0.1323331994610071
808,0.1112327971496047
809,0.1027793504340355
810,0.1067607839545634
811,0.0951049025935346
812,0.1040355668683041
813,0.1249157265452889
814,0.18401743116117042
815,0.179821331742289
816,0.0810497852734999
817,0.0494498592415135
818,0.0532379665089305
819,0.0511815034358341
820,0.0490452661093489
821,0.050314240969207
822,0.0549092664830603
823,0.0709642017433167
824,0.0949906487801991
825,0.1120487395499963
826,0.1296514005451044
827,0.1363716373813978
828,0.1293151105983629
829,0.1505915077617982
830,0.145702924788551
831,0.1360733693005425
832,0.1178304434531216
833,0.1025184363593477
834,0.1054400665174081
835,0.1029063337410449
836,0.1005147245076449
837,0.14169646417102322
838,0.1916587973311152
839,0.1805207488303027
840,0.0780038627016205
841,0.0542490909034253
842,0.0523237486226778
843,0.0492158096004811
844,0.0479819265972114
845,0.0512988262684454
846,0.055257605877021804
847,0.07446743548803961
848,0.0928698999415896
849,0.115388771435586
850,0.1462861744109372
851,0.1377821132074813
852,0.11960386691482269
853,0.1475245525330801
854,0.1460383664366116
855,0.13713311341157752
856,0.11716953089365731
857,0.100080295711826
858,0.100135813912867
859,0.1049679452981362
860,0.1013067837013915
861,0.1368730953297568
862,0.1885102720670623
863,0.1737004145158639
864,0.0725369335499135
865,0.0513559722726251
866,0.052801838268096105
867,0.0489260407134494
868,0.0489618883661032
869,0.0509298326413441
870,0.054298347574209496
871,0.0680798890128856
872,0.0894945931891227
873,0.1135921433459254
874,0.1349820767738056
875,0.1462337040481737
876,0.1221497395742021
877,0.1482338444503175
878,0.1450124020773345
879,0.1362720446039575
880,0.1176818465755897
881,0.1024667707185559
882,0.1005094203626667
883,0.09409443819018559
884,0.0949559589959834
885,0.1357361305017926
886,0.1971214150199559
887,0.1922454643963931
888,0.0772244091667762
889,0.0532408184296535
890,0.0523233466545523
891,0.0503526488834486
892,0.049880280044947004
893,0.0519331135625992
894,0.0533544849372688
895,0.0700890099904577
896,0.09399113606330059
897,0.1086901127748039
898,0.1339376680984129
899,0.1433102426853387
900,0.1255848434859484
901,0.1554858612919472
902,0.1519428263498967
903,0.1374407328371301
904,0.1237274218952078
905,0.1065028315298665
906,0.1053866787261034
907,0.10139886560035691
908,0.0962113265898077
909,0.1303998870974376
910,0.19867134120158791
911,0.1890434996120013
912,0.0744462151142685
913,0.06410525717361559
914,0.0694238011278969
915,0.0577911567708801
916,0.0501275930714843
917,0.0575827915399049
918,0.0556272640116513
919,0.061811008648372
920,0.0773284551264708
921,0.114349104653727
922,0.1745965286024594
923,0.1602557714691717
924,0.122009808062051
925,0.13337053155177261
926,0.1683298895539917
927,0.106868628174153
928,0.1364711139274692
929,0.151034433564073
930,0.1244452186744297
931,0.0895786042626298
932,0.09812862449368359
933,0.1546671117585944
934,0.1767554313713342
935,0.1513814980417917
936,0.0689230003482266
937,0.0608917070896246
938,0.0603889995980767
939,0.0588196035475975
940,0.0502793666308864
941,0.061287109663068204
942,0.0574519848421142
943,0.0658001970354461
944,0.0770072705937484
945,0.0994518001203077
946,0.16397872947471698
947,0.1575779932497006
948,0.1308485823942615
949,0.13353825334142522
950,0.1556143084562765
951,0.0986777117005944
952,0.1346870670902278
953,0.1430353818582759
954,0.1214157537963598
955,0.0986806933655468
956,0.0951368791695246
957,0.1603478434280528
958,0.18247478217821922
959,0.1518907975240846
960,0.0714481262262441
961,0.0521901639056366
962,0.0520567860446272
963,0.0488961452833099
964,0.0481544933224767
965,0.0502397910800265
966,0.054956155329521
967,0.0670609612387965
968,0.0949790468513161
969,0.1126807611020028
970,0.137200114863946
971,0.1522667015004906
972,0.12222247529645999
973,0.15240708582443369
974,0.14831576114920741
975,0.1247669208221584
976,0.11161112635031789
977,0.1108788068882482
978,0.1080327817870607
979,0.0982807400771693
980,0.1044714973735153
981,0.1333886215970128
982,0.1856384947984328
983,0.1762601895700993
984,0.0726734791246639
985,0.0522417862902447
986,0.0528701055235425
987,0.050610999206054996
988,0.049863476780528396
989,0.0505943646081817
990,0.055628211325679904
991,0.069271443874465
992,0.091579096857152
993,0.1060324156031616
994,0.1387923283923733
995,0.1373391161933499
996,0.12158985654707219
997,0.15519253283716
998,0.15595091530868138
999,0.1287659986830913
1000,0.1118288417861407
1001,0.0953171499906042
1002,0.1051159667454203
1003,0.0998079026938526
1004,0.1005263032417132
1005,0.1292008552184467
1006,0.1890104050700132
1007,0.1854046469310185
1008,0.0726421556382361
1009,0.0506047000158915
1010,0.0524984386367324
1011,0.0484427662202633
1012,0.0488274397999109
1013,0.0509753534106677
1014,0.0536667722365435
1015,0.07251840077438279
1016,0.09185519177497731
1017,0.1180200883034374
1018,0.1384718954406525
1019,0.1416683934010107
1020,0.11412324618904959
1021,0.14470528622165568
1022,0.1432066249752345
1023,0.12524882705581888
1024,0.1085541940673824
1025,0.1064168719029095
1026,0.1066401552850582
1027,0.0970433880773934
1028,0.1034650385142142
1029,0.1487384563514366
1030,0.1958338530284138
1031,0.17817292851438188
1032,0.0709239324303089
1033,0.0513811786412829
1034,0.0525492933369197
1035,0.0491480546584126
1036,0.0508459997245836
1037,0.049312454680258
1038,0.0536392918773021
1039,0.0685241582708128
1040,0.09740459065955301
1041,0.1248269758192801
1042,0.1380681439648814
1043,0.1363001801081726
1044,0.12154120539359729
1045,0.15103510274344212
1046,0.1453879897743271
1047,0.1377093940038456
1048,0.11222663823720021
1049,0.0918360832821675
1050,0.1066173210665272
1051,0.109484962630061
1052,0.10027340752780389
1053,0.1356603094974269
1054,0.1882586484594685
1055,0.18745352272502258
1056,0.077174038598651
1057,0.0515080096648177
1058,0.0498038130363709
1059,0.048748508786697196
1060,0.0495246829105846
1061,0.0514138307979922
1062,0.0549323370004502
1063,0.07243678534292029
1064,0.0926006789933424
1065,0.11364934461372961
1066,0.1346586337198585
1067,0.1437424456330863
1068,0.1289883435794044
1069,0.1541893594650015
1070,0.15447260209728408
1071,0.1330734459374761
1072,0.113645241320723
1073,0.10277344436548891
1074,0.1120761765336602
1075,0.0993710397272469
1076,0.104750392563943
1077,0.1319486187009047
1078,0.18219683225479938
1079,0.17309589469358622
1080,0.0724312365584591
1081,0.0625598992705836
1082,0.0630977317255994
1083,0.057715833268147804
1084,0.0507882534728065
1085,0.0564412533625034
1086,0.054195296342890095
1087,0.0642514098765196
1088,0.0789778396435776
1089,0.1073147757710059
1090,0.1736349146814511
1091,0.15855174202777922
1092,0.1343649318293238
1093,0.1402139739278607
1094,0.1617278502209557
1095,0.101949818430766
1096,0.1369619506286878
1097,0.14458623046252822
1098,0.1158363137859381
1099,0.0902828567924992
1100,0.0931912489655254
1101,0.16884789089826951
1102,0.2003189352003967
1103,0.1663968808854099
1104,0.074262210394135
1105,0.0636893633000419
1106,0.0688265673635749
1107,0.0622373746485232
1108,0.0507700107368464
1109,0.0577124479286487
1110,0.0550343918302062
1111,0.0655656855700994
1112,0.0790121931711095
1113,0.1094845528394708
1114,0.1764097118203952
1115,0.16669083279966068
1116,0.1376099228465437
1117,0.1364883664711128
1118,0.1603498037834453
1119,0.1017014234341401
1120,0.1330361490945131
1121,0.1403702508628786
1122,0.1132561886939701
1123,0.0954178334649076
1124,0.09946439867770271
1125,0.1521304007970386
1126,0.1653205685187092
1127,0.1482643491705929
1128,0.0699753968615185
1129,0.052640863005375
1130,0.0516118905271949
1131,0.0495681497885902
1132,0.0500712673005721
1133,0.050307486182291
1134,0.0548606982748693
1135,0.0742430781749723
1136,0.0900487217610924
1137,0.1153747217591858
1138,0.1369210572866026
1139,0.1421790563809688
1140,0.1168870729138819
1141,0.14098378395261668
1142,0.1410152011459985
1143,0.1368734243105325
1144,0.1134211465872719
1145,0.103188286864797
1146,0.0977791088369039
1147,0.0947638159282501
1148,0.102309926406528
1149,0.1333403925506437
1150,0.1993673523678838
1151,0.17946705290646991
1152,0.0743753275515842
1153,0.0499667216848075
1154,0.0516150261579324
1155,0.0493642529794261
1156,0.0498252079374119
1157,0.049732646164490496
1158,0.0532623178400122
1159,0.0756595084407415
1160,0.09541692456885209
1161,0.1172839149649392
1162,0.143620476281452
1163,0.1443250441824765
1164,0.12241710475214661
1165,0.14164850628075482
1166,0.1388838733675875
1167,0.130942887751144
1168,0.1177415056174006
1169,0.1063610288504939
1170,0.1143714975076266
1171,0.1016147951395502
1172,0.0993162476921817
1173,0.1313309629329674
1174,0.1834515371033893
1175,0.188592654897571
1176,0.0805219551094543
1177,0.0520905512387118
1178,0.0517881296243257
1179,0.049313613833798
1180,0.0497010580721671
1181,0.0526856911390436
1182,0.0524808687760698
1183,0.0650882157255867
1184,0.093105127777788
1185,0.1108639772238966
1186,0.1449231050824571
1187,0.1384587424140637
1188,0.1200066033824196
1189,0.1514160382970146
1190,0.14074208941012578
1191,0.1289766230594078
1192,0.1115284485032566
1193,0.0941619762122833
1194,0.11351004264724221
1195,0.1058951901652181
1196,0.098472753710513
1197,0.13402938128492692
1198,0.1867070729489812
1199,0.1736263481299368
1200,0.0733537526100901
1201,0.0537344031728275
1202,0.0545384773655822
1203,0.050298078510565995
1204,0.0472378457339891
1205,0.0520574620416484
1206,0.057225440935525895
1207,0.072958451529332
1208,0.09985272290415631
1209,0.12286978143105791
1210,0.133412370356311
1211,0.1369903630671705
1212,0.1233023598519182
1213,0.1455116266150447
1214,0.1439077948917537
1215,0.1402652884001191
1216,0.1139701185638129
1217,0.1019005618835558
1218,0.10159228476724369
1219,0.0917621084377894
1220,0.0965648872635741
1221,0.1430214762417182
1222,0.2000997231692739
1223,0.186431622499468
1224,0.072867054161818
1225,0.0512755656189254
1226,0.0516030966570403
1227,0.049778605501946696
1228,0.048094413440349496
1229,0.0486502023065648
1230,0.0568342159867577
1231,0.0713107932852093
1232,0.0973351882492989
1233,0.1212746164516928
1234,0.1458050518740331
1235,0.14959786423079968
1236,0.1244361391718983
1237,0.1410639735248593
1238,0.1475351226094841
1239,0.1354052931028604
1240,0.12143396054692371
1241,0.1077648872854148
1242,0.1051912522578213
1243,0.10413055137779789
1244,0.1036965671142696
1245,0.1254749071534787
1246,0.1927336592565808
1247,0.1864345431938906
1248,0.0777081700466338
1249,0.0594389409126961
1250,0.0665430320611017
1251,0.0608462227020788
1252,0.0509212435337564
1253,0.0614093632809994
1254,0.0578913042872503
1255,0.0666006299535552
1256,0.0788655417372165
1257,0.1103734066127249
1258,0.1581263723842541
1259,0.1584305328211378
1260,0.13967101878068772
1261,0.1435107930386931
1262,0.1616749203632255
1263,0.1029866889028125
1264,0.1303929035330907
1265,0.1382829820956426
1266,0.1168259336938466
1267,0.093306677610609
1268,0.0919414882547803
1269,0.1553805255860724
1270,0.175239373742858
1271,0.1448794309831424
1272,0.06585687618627489
1273,0.0603758516863932
1274,0.06707922097268361
1275,0.0576136402551871
1276,0.0491889511403939
1277,0.0592169105638877
1278,0.0562348050754127
1279,0.0649268438565247
1280,0.06992739733845191
1281,0.1034541205781395
1282,0.1679486240497614
1283,0.1764634439888223
1284,0.141864199149496
1285,0.1244458501707485
1286,0.1573472299684831
1287,0.0978333323120894
1288,0.12475247758920349
1289,0.1381569388588179
1290,0.1152010050563274
1291,0.0892224804329379
1292,0.0967002708513533
1293,0.161769168558831
1294,0.1737748317810861
1295,0.1479518512168958
1296,0.0671657385055984
1297,0.0518542934943565
1298,0.0518663157953141
1299,0.049635568569659796
1300,0.051086762527345
1301,0.0501446052077204
1302,0.053885359269373004
1303,0.0691624124433785
1304,0.0871927990791039
1305,0.1140785135149059
1306,0.1464102124933344
1307,0.141932133146078
1308,0.1196660068100629
1309,0.1419067032260913
1310,0.1463778509154445
1311,0.1380720045640083
1312,0.10981393120770899
1313,0.0926404629310266
1314,0.1119069773421519
1315,0.1014865820837162
1316,0.1038264859345852
1317,0.1363369033407373
1318,0.1829296655423839
1319,0.1801710951062209
1320,0.0802756437276143
1321,0.0515213786387478
1322,0.0534431799187553
1323,0.0501322866529029
1324,0.0469892493940313
1325,0.050946863027036896
1326,0.0568621974910351
1327,0.07345383549493009
1328,0.0940370893842053
1329,0.1147965035098291
1330,0.1435603516203211
1331,0.1460654448703563
1332,0.1298206481802071
1333,0.155881214569686
1334,0.1518746085114008
1335,0.12869962772959181
1336,0.1093792349821479
1337,0.1059414523697137
1338,0.0998510636238965
1339,0.0974678037693052
1340,0.09839042089565819
1341,0.1343968329913558
1342,0.1792130234130877
1343,0.17056008133920308
1344,0.079062550819055
1345,0.0534110019268319
1346,0.052655023080066796
1347,0.0503404468740665
1348,0.0491910253165437
1349,0.0506072879153091
1350,0.0552524371445172
1351,0.0688761129458509
1352,0.0997602031768295
1353,0.109877654092896
1354,0.1282784771339849
1355,0.14225187716326132
1356,0.1166137132692712
1357,0.1439297899237493
1358,0.1479010202940825
1359,0.1373049826588107
1360,0.1120534318278872
1361,0.1095670710596226
1362,0.115852685609877
1363,0.1059993634025264
1364,0.0998394511838415
1365,0.1368215183465702
1366,0.1910571342959022
1367,0.1798577912796136
1368,0.0828386974742728
1369,0.051931990593289096
1370,0.0525317040177462
1371,0.0495219868862464
1372,0.048146657925754496
1373,0.0508344398414846
1374,0.0536178962084712
1375,0.07371160785151559
1376,0.0958307707928148
1377,0.1138829530460741
1378,0.1345237424568033
1379,0.1455408412388913
1380,0.1352730844263626
1381,0.1592772909200364
1382,0.1534651609136612
1383,0.1348579536251469
1384,0.1220996937408344
1385,0.1061846944003789
1386,0.1045141785895567
1387,0.0984506500803854
1388,0.0977601695412103
1389,0.1394448093665575
1390,0.1866588715767882
1391,0.18054537041543212
1392,0.07975929459306849
1393,0.0514994538516835
1394,0.0514132322606182
1395,0.050752995675679896
1396,0.0488710643113209
1397,0.0500014417358021
1398,0.055110236205753296
1399,0.07145131923624
1400,0.0932955201828829
1401,0.106285323903078
1402,0.1293825715816832
1403,0.1440180692745738
1404,0.124832428801337
1405,0.1560920645697463
1406,0.1444442381833617
1407,0.1389599451009792
1408,0.1202252468727566
1409,0.106202356261531
1410,0.1043290584990207
1411,0.09249847820013679
1412,0.1031400736676863
1413,0.132410860440934
1414,0.2018005812696948
1415,0.1872253230423775
1416,0.0755688533013882
1417,0.0585950928440922
1418,0.0632388687827672
1419,0.059097325563221
1420,0.0496566505276802
1421,0.057218211045342
1422,0.0577602832978494
1423,0.0658778597286819
1424,0.0758120351397546
1425,0.1022023503265808
1426,0.1767543630250754
1427,0.161875874067834
1428,0.13480454390543029
1429,0.13718385810485162
1430,0.1669914871129417
1431,0.0999557854361625
1432,0.1393071068143771
1433,0.14449995801997378
1434,0.1117595296386314
1435,0.0914725836675982
1436,0.09415818965844751
1437,0.1591821693485889
1438,0.1738866502574769
1439,0.1422532333175138
1440,0.06758174811123821
1441,0.0582465355351069
1442,0.0618710825035847
1443,0.05900195175474621
1444,0.0502145540460799
1445,0.0607072309852819
1446,0.0585073937712903
1447,0.0678799252932859
1448,0.0782358672590781
1449,0.10992728803066179
1450,0.1762370820885362
1451,0.1713571145187984
1452,0.132369186068401
1453,0.1403836053294604
1454,0.168975392605197
1455,0.1006581333757968
1456,0.1321725993401526
1457,0.13370679291955911
1458,0.112025259743881
1459,0.0887082960417525
1460,0.09389999629621329
1461,0.1600711754457226
1462,0.1695627915062512
1463,0.1460090330433386
1464,0.0726046811714284
1465,0.0529057542064718
1466,0.0509012319003197
1467,0.0488064301191944
1468,0.0494693827235023
1469,0.0494443797793916
1470,0.0550836268680397
1471,0.0704213356693047
1472,0.0947906495787514
1473,0.1062679615001253
1474,0.1385206173291016
1475,0.1410318473643422
1476,0.1191572508849902
1477,0.1494820459354965
1478,0.1495670757373434
1479,0.1278200095098986
1480,0.1199519001053348
1481,0.1085463750997627
1482,0.102899778739907
1483,0.10189871927806671
1484,0.1010587968149643
1485,0.1349604965193949
1486,0.1865074473585672
1487,0.184179356431471
1488,0.0764433154886369
1489,0.0551886124165927
1490,0.0537657867233675
1491,0.050113246046297404
1492,0.0497905293798406
1493,0.0499080298506176
1494,0.0532872299394156
1495,0.07045652546022241
1496,0.1013229048766747
1497,0.1225127360494461
1498,0.1463553778922059
1499,0.1413442840475798
1500,0.1139889812811707
1501,0.141799071359706
1502,0.1509134387125175
1503,0.1308890859569647
1504,0.11113421562710879
1505,0.1016488363771646
1506,0.1017067877183912
1507,0.0982141211139085
1508,0.0964817844283097
1509,0.1333524117156036
1510,0.1917932661646836
1511,0.1919328260218154
1512,0.08157571951134021
1513,0.0523542803471686
1514,0.0526040060293566
1515,0.0494922415909416
1516,0.0506459032442694
1517,0.0490221880377854
1518,0.0502257809782704
1519,0.0723317699002798
1520,0.0971090274716875
1521,0.1147366445876566
1522,0.1371737322302504
1523,0.1402920060261651
1524,0.1256193444517048
1525,0.15497939962920199
1526,0.15571669545910619
1527,0.135519341235149
1528,0.1115956357857506
1529,0.1003602032183113
1530,0.1023445349291512
1531,0.0981056761826628
1532,0.1024185529836235
1533,0.1218885074141409
1534,0.17045222598209658
1535,0.1751396786018215
1536,0.0745574803855197
1537,0.053253084983730596
1538,0.052009055378435504
1539,0.0485632533658029
1540,0.0487857156382894
1541,0.0521920461098445
1542,0.0549513887365192
1543,0.0699534996440353
1544,0.0894525864261182
1545,0.11440790577633239
1546,0.12923409253555318
1547,0.1481442098951874
1548,0.1280318073306984
1549,0.1682562387904475
1550,0.1529546487197673
1551,0.12476641022181391
1552,0.1097453986673378
1553,0.10504745832147419
1554,0.1032750514486098
1555,0.09623144763495829
1556,0.10627508686738141
1557,0.1421784891773188
1558,0.1967489036117095
1559,0.1753582634550018
1560,0.0714244050550319
1561,0.0515364386623523
1562,0.0513718929709123
1563,0.0502758173342785
1564,0.0500305032839301
1565,0.0484156077383771
1566,0.0547743346952949
1567,0.0739096938905664
1568,0.0947359731518421
1569,0.1127221476956754
1570,0.1426642205160036
1571,0.1381854867661283
1572,0.1303176646630276
1573,0.1561287024428706
1574,0.1469336116243968
1575,0.13845097250181948
1576,0.1171282901556993
1577,0.1082347668382095
1578,0.10351886245472791
1579,0.0944763996355165
1580,0.0935864413742913
1581,0.1294433381726252
1582,0.1949479253833849
1583,0.1749616930440741
1584,0.0728478429520045
1585,0.06370681547685919
1586,0.06607853830161381
1587,0.0602380177479789
1588,0.050285845569596296
1589,0.0575342149746943
1590,0.0534735172314925
1591,0.0670595086438847
1592,0.07761955680851279
1593,0.1088831442000155
1594,0.166378617619747
1595,0.1600712270626516
1596,0.14326124487727482
1597,0.1326918373770919
1598,0.1572833469989786
1599,0.1016524953125511
1600,0.1251470270722122
1601,0.1343329252120774
1602,0.10439271774983269
1603,0.10084096416104199
1604,0.1038345641952659
1605,0.16149552787387061
1606,0.1626169766175516
1607,0.1425283894896086
1608,0.0693124460473275
1609,0.0563287603444072
1610,0.0602361081687652
1611,0.0573527257296726
1612,0.0485593720812723
1613,0.0589570761120699
1614,0.059066708986135696
1615,0.0664234023098518
1616,0.0764093123297932
1617,0.1140402165969481
1618,0.1724797269428592
1619,0.1708616543118818
1620,0.1487160598418702
1621,0.1379302821201835
1622,0.15822980594932928
1623,0.100078942611547
1624,0.12701826935027322
1625,0.1291034029734937
1626,0.1123102849246863
1627,0.091122634092698
1628,0.0968312434221215
1629,0.1587058722434748
1630,0.17589829416719568
1631,0.1499810946099539
1632,0.0701306789609984
1633,0.0538681220974483
1634,0.0526453195411402
1635,0.0490718202379126
1636,0.0502738365208773
1637,0.0508687444705287
1638,0.0533358788489988
1639,0.0746518360576667
1640,0.1030647624158265
1641,0.11556071565671999
1642,0.1433945186460075
1643,0.1336077450702705
1644,0.12417630750941609
1645,0.139339705687888
1646,0.1447396691450431
1647,0.1357954636052378
1648,0.1165395750427125
1649,0.1032567717169589
1650,0.1051010532318617
1651,0.1034182123507365
1652,0.10265535437922141
1653,0.1292831644200229
1654,0.1799550261038581
1655,0.1845382300887222
1656,0.0778241804161901
1657,0.050926432993843404
1658,0.0513018172586088
1659,0.0501718351905784
1660,0.0490116963848597
1661,0.0502232779526032
1662,0.0550313849315016
1663,0.0734915622862889
1664,0.09636839200669199
1665,0.11575344351257849
1666,0.1280844707688094
1667,0.1453058816960855
1668,0.1233137884912505
1669,0.1450633433285315
1670,0.1595904095121308
1671,0.1412557528789468
1672,0.1189333011268657
1673,0.096755956837412
1674,0.1056018545167695
1675,0.0978406102929339
1676,0.102220085515436
1677,0.13016281074793018
1678,0.1806579876320451
1679,0.1789082335135448
1680,0.0788943646021686
1681,0.053185486823455
1682,0.050551682083411
1683,0.0489405158584652
1684,0.0495874725950601
1685,0.0506198176238856
1686,0.0521553487152151
1687,0.06881799164921219
1688,0.0951312013892754
1689,0.10598185495436291
1690,0.136497736013033
1691,0.1448149514209445
1692,0.1236985635892185
1693,0.1521326851872496
1694,0.1562961747552788
1695,0.14125753221424409
1696,0.1183498473099544
1697,0.0997452993274687
1698,0.1024953092040378
1699,0.0968172454930287
1700,0.100400191764221
1701,0.135905636764665
1702,0.1785494558466799
1703,0.1692822768684098
1704,0.0778762260679604
1705,0.0528526336476928
1706,0.0542903721477775
1707,0.0490592870951589
1708,0.0483210324305004
1709,0.0515137231525427
1710,0.0546155224803209
1711,0.07488407139993819
1712,0.09486266492727741
1713,0.1083630702444617
1714,0.1327509121218733
1715,0.15187551429090101
1716,0.1300986017951446
1717,0.1454318208424061
1718,0.1529480009010735
1719,0.1364779417221934
1720,0.1232857854582287
1721,0.1141330674581673
1722,0.109817249409845
1723,0.1016007925277206
1724,0.0952991496710668
1725,0.1335796436348414
1726,0.1771228685497402
1727,0.1663818461887368
1728,0.0788369500517677
1729,0.0521470464803034
1730,0.051755534674007
1731,0.048925526712983905
1732,0.0496433911439685
1733,0.0505537479517204
1734,0.052866177991640395
1735,0.0686533777296548
1736,0.0911999078252004
1737,0.1238474092056304
1738,0.1384800871589565
1739,0.1327842242179098
1740,0.1320650374264113
1741,0.1570968245420882
1742,0.1387170487245155
1743,0.1295398980689091
1744,0.1163128638784371
1745,0.1038408462206852
1746,0.1082914988044439
1747,0.0943355775518222
1748,0.105012361600546
1749,0.13676045275066231
1750,0.17322968353776969
1751,0.1823644466666074
1752,0.08279581193701249
1753,0.0594463013287791
1754,0.0602364206723118
1755,0.0572070752780663
1756,0.051063189168932197
1757,0.0591975559687665
1758,0.0574033739682105
1759,0.067568901473511
1760,0.0770983975751591
1761,0.1112889184438811
1762,0.1635203852403831
1763,0.16348806797928062
1764,0.1420447933910188
1765,0.1297215431125276
1766,0.16867121941127738
1767,0.1030865947995199
1768,0.1289661727609266
1769,0.1357218214919811
1770,0.1224157779269494
1771,0.092554898890512
1772,0.0968341786622569
1773,0.1568733420104238
1774,0.1740105337930587
1775,0.1545857039943912
1776,0.0735684953232988
1777,0.0589250345330424
1778,0.06531245743553381
1779,0.0605738418873728
1780,0.050671228030003304
1781,0.0592411536516889
1782,0.0582103742673903
1783,0.06460489961569879
1784,0.0803349721148851
1785,0.111886211450031
1786,0.1781060494518818
1787,0.1575123539003753
1788,0.1334570673010267
1789,0.1383088427875813
1790,0.16891596377663148
1791,0.1059634593323609
1792,0.1296685740057218
1793,0.1271020029989774
1794,0.1138116076484047
1795,0.090180990331077
1796,0.09328420654453
1797,0.15160423315900712
1798,0.1766676735086325
1799,0.1424077034852952
1800,0.0688490579143211
1801,0.0532414562098846
1802,0.0510979646484502
1803,0.0478504672604668
1804,0.0495507268180192
1805,0.051589264006085
1806,0.054307030594517
1807,0.063753091470787
1808,0.09584933617195
1809,0.11550271573399659
1810,0.1416597201929218
1811,0.1436067022037766
1812,0.1266612103085116
1813,0.1484097433694188
1814,0.1511696037298641
1815,0.1432139929219926
1816,0.11946642600205411
1817,0.1053738019949482
1818,0.10551660121144929
1819,0.10023537546803149
1820,0.09642664312412699
1821,0.1427829507319022
1822,0.1935762089910937
1823,0.1855707202995857
1824,0.07706949015461109
1825,0.0510376310737565
1826,0.052117584371222804
1827,0.0498395769994945
1828,0.0500543449297053
1829,0.0500473600859072
1830,0.0524256816490854
1831,0.06848773674480681
1832,0.0914324773832029
1833,0.11439820193269311
1834,0.1299173376184739
1835,0.1418443573478335
1836,0.132805992407165
1837,0.146728922598429
1838,0.1547141891283019
1839,0.1406727193387091
1840,0.1117201866922907
1841,0.1041923700251786
1842,0.1074035786686312
1843,0.0921765601681741
1844,0.10029526149395321
1845,0.1416417114588294
1846,0.20213171873718672
1847,0.1855548016278703
1848,0.0730171860706451
1849,0.0508809706355824
1850,0.0503512488114434
1851,0.0488728765203482
1852,0.0495014240867409
1853,0.0503057795327814
1854,0.0542122797456976
1855,0.0668700176368818
1856,0.0954352711170843
1857,0.1120444402509233
1858,0.13512521598644228
1859,0.133537625896297
1860,0.1267316618279234
1861,0.1440789383635124
1862,0.1496167442242529
1863,0.13923419496440131
1864,0.116135304693536
1865,0.1091195314255097
1866,0.1052455739928202
1867,0.1001288111907488
1868,0.100223828594494
1869,0.1363031071027597
1870,0.18940706916790528
1871,0.1805470049074217
1872,0.0815199271030089
1873,0.0526070729624754
1874,0.0509828897267039
1875,0.0504356824022824
1876,0.0495533903394724
1877,0.0506106276988975
1878,0.0517743530506165
1879,0.0708559810319313
1880,0.0881596392772178
1881,0.1094748235518816
1882,0.13307858977980008
1883,0.1283657637297898
1884,0.1219245350413274
1885,0.151501779988285
1886,0.151255235906184
1887,0.13514016272574791
1888,0.11862477887999001
1889,0.0965266707466228
1890,0.1089505698253885
1891,0.10289351140961189
1892,0.1020115622078849
1893,0.1353413694480298
1894,0.1783537089147465
1895,0.1799505769695349
1896,0.0770567626464322
1897,0.052423132534284
1898,0.0521143409050413
1899,0.0506058592627013
1900,0.0486827840733442
1901,0.0494737680994626
1902,0.0532154313261438
1903,0.0698626812813488
1904,0.0880429334665373
1905,0.1125031383895462
1906,0.1436040406303833
1907,0.1481628426757728
1908,0.1289557834236258
1909,0.1532208869279023
1910,0.1524712964811734
1911,0.1346181096608647
1912,0.1148407334462665
1913,0.09938670962488161
1914,0.1008746824177832
1915,0.1057216770402488
1916,0.1059069625970286
1917,0.146523785703023
1918,0.19158130871177842
1919,0.1748606599763845
1920,0.0697253667429126
1921,0.0602940663839426
1922,0.0669860605205248
1923,0.0606468584357933
1924,0.051845862087076804
1925,0.0575074134847396
1926,0.0539217201940972
1927,0.0617123007438643
1928,0.0787287300101714
1929,0.11211409144324591
1930,0.1608040468172279
1931,0.17777545673908018
1932,0.1414964192482963
1933,0.1458775705827728
1934,0.1760143819771095
1935,0.0957958767598664
1936,0.1300075346844122
1937,0.1367732561011658
1938,0.111673401347913
1939,0.08717295083369869
1940,0.0947387586778871
1941,0.1570973916939463
1942,0.1677098715124253
1943,0.1405639476450533
1944,0.0680186931949571
1945,0.0631761707247343
1946,0.0651483474231303
1947,0.0575115093836273
1948,0.0494541416024357
1949,0.0585212029246224
1950,0.0585376856280607
1951,0.0650531052870419
1952,0.0744145361227336
1953,0.106429100372323
1954,0.1766343948587965
1955,0.1665239317944867
1956,0.14947816117977641
1957,0.13107973395257572
1958,0.16286220395486029
1959,0.10153741066373981
1960,0.1393216327504666
1961,0.1441701033378957
1962,0.120660041993114
1963,0.0914751185693171
1964,0.093492360348974
1965,0.1593275853149779
1966,0.1743212773879954
1967,0.1441773237968378
1968,0.0662739948443172
1969,0.0532194832032439
1970,0.0505893303136277
1971,0.0495229247546602
1972,0.0498766745746439
1973,0.0497076983496607
1974,0.0531530985324223
1975,0.071425864517927
1976,0.0957805104717665
1977,0.1136089657148697
1978,0.1398534201119439
1979,0.143587432450508
1980,0.12724174397841131
1981,0.1527669828175225
1982,0.1485303129100271
1983,0.1369333383193695
1984,0.114697957860544
1985,0.10695997139233951
1986,0.1073125686243311
1987,0.0991351826321618
1988,0.1008753838528145
1989,0.1388924675951942
1990,0.192491413304682
1991,0.1845693041838025
1992,0.0767761461372039
1993,0.0533127025692835
1994,0.0543960376957021
1995,0.0492465240047755
1996,0.048681142729441504
1997,0.0509124284233588
1998,0.0550915547669154
1999,0.0680844283583991
2000,0.0893770140665675
2001,0.1133844075950651
2002,0.1403429455987207
2003,0.14465648298363348
2004,0.1202751615398864
2005,0.1500271810759555
2006,0.1499742462687928
2007,0.1226135049872179
2008,0.113480074887106
2009,0.1023362262039226
2010,0.1077062086461266
2011,0.1041247823972677
2012,0.10278607478398069
2013,0.1413400077228557
2014,0.1817753517418016
2015,0.1823758891143873
2016,0.0786912359866265
2017,0.053162406809913895
2018,0.0532803245140877
2019,0.0502391853055379
2020,0.051358360151492505
2021,0.0494365922491005
2022,0.0498292040515559
2023,0.07180118113871531
2024,0.0958044817564713
2025,0.1103118531929491
2026,0.1434257505689462
2027,0.1489201449978236
2028,0.1282188590586431
2029,0.1513701682984388
2030,0.1592928509916817
2031,0.1366910741346263
2032,0.1136550058162634
2033,0.1080399738312349
2034,0.0980910894274685
2035,0.09983021359134639
2036,0.105860598010924
2037,0.1347713751605964
2038,0.18199042859128028
2039,0.18058872837392032
2040,0.0785823111746658
2041,0.0517361919580652
2042,0.051830541752460504
2043,0.0503537634456419
2044,0.050343369157481596
2045,0.048595179472158
2046,0.051984580171854
2047,0.0729646268315084
2048,0.0936557320391521
2049,0.1141104827301337
2050,0.1364156927111097
2051,0.1428837246553972
2052,0.1188071633433445
2053,0.1498889206615139
2054,0.1535223092466511
2055,0.1355215539587254
2056,0.1139664994683513
2057,0.1006110356152354
2058,0.1088363441218561
2059,0.0936446508299601
2060,0.0980465797669166
2061,0.1341096763844978
2062,0.2023273387141991
2063,0.1838588461088962
2064,0.0755589719858812
2065,0.0518121725914093
2066,0.0510911697779308
2067,0.0494475259512712
2068,0.0499840960548584
2069,0.051147484834078105
2070,0.0517508102555268
2071,0.0703027200838826
2072,0.09483458391954219
2073,0.1176764480186066
2074,0.1332912238747758
2075,0.148588725453666
2076,0.12062222118682289
2077,0.1495341317215394
2078,0.1435761321743384
2079,0.1251451655371939
2080,0.1170256953708527
2081,0.0967883767685028
2082,0.09793528501720661
2083,0.09141052728878919
2084,0.10133582164076871
2085,0.1286390736785245
2086,0.209021134531063
2087,0.1984203045475028
2088,0.0724844273669282
2089,0.0596354612683154
2090,0.0621399895386448
2091,0.055625671128377
2092,0.0499524900431548
2093,0.0562746384990391
2094,0.0540720012797101
2095,0.0659530843660254
2096,0.0740992782659823
2097,0.1067373005862208
2098,0.1833058909898511
2099,0.1598369573373063
2100,0.1296348761916708
2101,0.1336439362869271
2102,0.17153045953355228
2103,0.1000758965288032
2104,0.1316047494210883
2105,0.146820657479354
2106,0.12357931193023519
2107,0.09519289566623229
2108,0.1016948616376923
2109,0.1512797912958732
2110,0.1726594649265376
2111,0.1369305052144131
2112,0.067557086416172
2113,0.059002598584993106
2114,0.0610453228920105
2115,0.0574086843287795
2116,0.0496054843609923
2117,0.0556733677722151
2118,0.0533003139128819
2119,0.0666437711868263
2120,0.0800972457547231
2121,0.1101097385507577
2122,0.1743927146249079
2123,0.16629728589817191
2124,0.1378167244673582
2125,0.1349360709576706
2126,0.1597725097620611
2127,0.0953275992118646
2128,0.1284104954264074
2129,0.1529941434164678
2130,0.1213790762485342
2131,0.0903778045546091
2132,0.0965258936407574
2133,0.14512870031697028
2134,0.1623585708666542
2135,0.1419658048877855
2136,0.06881632677771721
2137,0.0539965150289645
2138,0.0537478355418227
2139,0.0499963910624674
2140,0.0494393658542837
2141,0.053006220767596
2142,0.054536261867071
2143,0.0691122111425949
2144,0.0959549195343816
2145,0.1113499780554478
2146,0.1300211538781916
2147,0.1425638857549017
2148,0.1266445683639923
2149,0.1523186718358896
2150,0.153016468623692
2151,0.136260994925224
2152,0.1152466615195827
2153,0.0991896447606983
2154,0.1040021146802982
2155,0.0995397792842083
2156,0.10544987484400731
2157,0.1364644677655082
2158,0.1950850552676809
2159,0.1819857057899507
2160,0.07489536310278949
2161,0.0524818640561873
2162,0.0504264301725289
2163,0.0503197492589813
2164,0.0506529829658746
2165,0.0511700940792409
2166,0.0571423950801752
2167,0.0725522149387462
2168,0.0906051851754296
2169,0.1155705564772474
2170,0.1337141652338284
2171,0.1456517750438427
2172,0.1346777054043311
2173,0.1528097733109875
2174,0.1414795500206275
2175,0.1350708536341639
2176,0.1226409431777025
2177,0.1040922816171498
2178,0.10804646774318169
2179,0.0919479027613111
2180,0.0943507203349454
2181,0.1306735007715651
2182,0.1876725585006333
2183,0.1728790750767979
2184,0.0760034624967579
2185,0.0518269927288813
2186,0.0508890964736617
2187,0.049741734018292
2188,0.050025454554314897
2189,0.0503881339006641
2190,0.0519943779568265
2191,0.0701698171667146
2192,0.0942534351487089
2193,0.1154640537563015
2194,0.1395835478905319
2195,0.14028636220480128
2196,0.1262811314521829
2197,0.1595145396332
2198,0.1522313592482555
2199,0.1412481241372723
2200,0.1203589583580458
2201,0.1037777417081886
2202,0.09939042815821669
2203,0.1018769398332812
2204,0.1049528161692686
2205,0.1295660500328829
2206,0.1942954622115978
2207,0.1786052302394962
2208,0.0736636384326342
2209,0.0536187201781363
2210,0.0531158062425374
2211,0.049927271494661904
2212,0.0482842033012998
2213,0.0521798572063726
2214,0.0541488090771124
2215,0.0723453313054683
2216,0.0999417112514583
2217,0.112680538966062
2218,0.1355147830241311
2219,0.1377318215080138
2220,0.1299855438515125
2221,0.15639092392545478
2222,0.1387041683797015
2223,0.13052269071643238
2224,0.1162952127183956
2225,0.108147733970841
2226,0.10731021177653391
2227,0.09733814273059001
2228,0.0985433592769999
2229,0.1318644321378321
2230,0.183572993768161
2231,0.1727739798935886
2232,0.0804866804112772
2233,0.0535892890631246
2234,0.0528478812236736
2235,0.0492481792693992
2236,0.0493182061274882
2237,0.050247401976629
2238,0.0539556041391559
2239,0.0724236519126734
2240,0.0991608533607084
2241,0.1175859321583452
2242,0.1405793179734352
2243,0.1426233206113806
2244,0.1220145865360231
2245,0.1459904549207115
2246,0.1420321897606644
2247,0.1333713892220233
2248,0.1170294375841486
2249,0.1092927066260811
2250,0.108595161004959
2251,0.0998830586794235
2252,0.0998636796195551
2253,0.134635126063065
2254,0.1948165826275443
2255,0.18093332823193659
2256,0.07311019661158841
2257,0.0628965403868541
2258,0.06423545526825039
2259,0.056341473593429
2260,0.0505501787007607
2261,0.0572860937110505
2262,0.0567816548793018
2263,0.0660491017150337
2264,0.076707855847058
2265,0.10326082107902959
2266,0.1707389133727191
2267,0.1689768775157357
2268,0.13892746696267472
2269,0.1325570432201328
2270,0.1584337989677888
2271,0.0989812309783496
2272,0.1214856061788346
2273,0.1412563147498028
2274,0.1122565481689294
2275,0.0876085103686072
2276,0.08843303495079449
2277,0.1468334078418788
2278,0.1748816543071238
2279,0.15680204983171858
2280,0.0708304091661596
2281,0.0631958948812638
2282,0.0627911849411246
2283,0.0580504501485268
2284,0.0500835357375586
2285,0.0584169676391952
2286,0.055222835170563
2287,0.0627886595625766
2288,0.077086436226893
2289,0.10674156234380121
2290,0.1677057877024559
2291,0.1610459668773499
2292,0.1392296840284605
2293,0.1319937141482879
2294,0.1650734009399267
2295,0.100443510346577
2296,0.1324186799764851
2297,0.1435958468656959
2298,0.11689535274756291
2299,0.0940969059328581
2300,0.09818898126934571
2301,0.1673311746383982
2302,0.1820056048940326
2303,0.1482083812373925
2304,0.0672007040440423
2305,0.0520851518457979
2306,0.0505649087760326
2307,0.0491529512253155
2308,0.0494263569942466
2309,0.0497409307932101
2310,0.0530274480617937
2311,0.0681442474538038
2312,0.0979142959933517
2313,0.1139517410367406
2314,0.1287586714226365
2315,0.145482581942876
2316,0.1247480970765677
2317,0.1623086261642847
2318,0.1431423264001928
2319,0.1316288487523783
2320,0.1156287328425424
2321,0.1049078274498018
2322,0.1046221733919331
2323,0.1041932228915077
2324,0.1009986839977861
2325,0.1247412950142879
2326,0.1922041279653233
2327,0.18535721443581898
2328,0.0792436179546161
2329,0.0517265234419854
2330,0.0518133558740237
2331,0.0496746753741933
2332,0.0484685407818014
2333,0.0491108739931416
2334,0.0560027262561321
2335,0.0718699727416273
2336,0.0864369122643052
2337,0.1156498925052232
2338,0.1410029661365488
2339,0.1489885214601993
2340,0.1259016621924865
2341,0.1547597108188113
2342,0.1428197006761398
2343,0.129825436648285
2344,0.1130408736709614
2345,0.1019350941712392
2346,0.1032463947655196
2347,0.0898870910923065
2348,0.1026574993303694
2349,0.1408123137455718
2350,0.1902965697151623
2351,0.1829920098579439
2352,0.0775567431684628
2353,0.0522955930784563
2354,0.0498823842858386
2355,0.0497602166086544
2356,0.0503036359495442
2357,0.0514624949228051
2358,0.0543631256935208
2359,0.0720633343008802
2360,0.099328552165444
2361,0.121465195995871
2362,0.14315075729619128
2363,0.1427030096300582
2364,0.1158848094026351
2365,0.1510064887483511
2366,0.1494076824000781
2367,0.1325622005253954
2368,0.10967556399503339
2369,0.0950762637946827
2370,0.1021279284402061
2371,0.0995970136034721
2372,0.0974387062619466
2373,0.1295168486006884
2374,0.19191323552786171
2375,0.1887302609838861
2376,0.0762424355051913
2377,0.0544343856309686
2378,0.0514923644161996
2379,0.0492303148744966
2380,0.0494789675165145
2381,0.0515552798021466
2382,0.0508201879113376
2383,0.0732905571907999
2384,0.0942030088202201
2385,0.1229089753234596
2386,0.1400177960478092
2387,0.1528231190742599
2388,0.1311727267767141
2389,0.14814373444616702
2390,0.1469454421979867
2391,0.1361387861483602
2392,0.1301682903469963
2393,0.1027378312757249
2394,0.1097650067173047
2395,0.1079693236698349
2396,0.1007317541434438
2397,0.1431010879645161
2398,0.177757219647771
2399,0.1702314024044475
2400,0.0743523262851041
2401,0.0501818826174127
2402,0.0511553057910951
2403,0.0490590606324618
2404,0.0496022325483145
2405,0.050741429823992504
2406,0.0537868839186712
2407,0.0661876523795101
2408,0.08921053283701591
2409,0.10905710349953229
2410,0.1357725342969947
2411,0.14680477765144428
2412,0.1231208262245069
2413,0.1524356756662422
2414,0.1522067058627557
2415,0.1413754200913819
2416,0.1199329176119881
2417,0.1072084657514244
2418,0.1065177819663681
2419,0.0921297693419699
2420,0.0993089262641175
2421,0.13350237332206638
2422,0.1901945435480619
2423,0.1855621922160341
2424,0.0789973482614094
2425,0.058172069277289504
2426,0.062866629370873
2427,0.061284795857482
2428,0.051850056937370895
2429,0.054968357674188
2430,0.0541259870524284
2431,0.0662138620844123
2432,0.0777708347845841
2433,0.1080926443169266
2434,0.1708684915814155
2435,0.1650559063647149
2436,0.1340760728349299
2437,0.13330570334762848
2438,0.1620637957892873
2439,0.08850667672800841
2440,0.1289335169722432
2441,0.1378514447222097
2442,0.1146786208345455
2443,0.0939749170091215
2444,0.0903347151511314
2445,0.16297198208861652
2446,0.18338284271952582
2447,0.1562094079210631
2448,0.073165002038874
2449,0.0670336785410061
2450,0.0702876462254441
2451,0.0587536158872062
2452,0.0501151570108148
2453,0.0623172375834575
2454,0.0584846752375832
2455,0.0634120078515536
2456,0.0762253268065165
2457,0.100179136016581
2458,0.15888976314238681
2459,0.1625083487261311
2460,0.13547546710427388
2461,0.1313516711942746
2462,0.1652483225557014
2463,0.1042734646138349
2464,0.1322102593972034
2465,0.1383086117020378
2466,0.1091882593532464
2467,0.0898089475525631
2468,0.09329775785077979
2469,0.1555316310872625
2470,0.1691009691560734
2471,0.13200474895816108
2472,0.0669901058843548
2473,0.0521970143441549
2474,0.050787098268193304
2475,0.0492098364971528
2476,0.0496529683974238
2477,0.049214767934711204
2478,0.0525182153893568
2479,0.0687646781784709
2480,0.0918581687828786
2481,0.1068447277328256
2482,0.13986694149254608
2483,0.1485271998100734
2484,0.12495290816564471
2485,0.1483178722635023
2486,0.1456619060293681
2487,0.1315051121799647
2488,0.1143188098812919
2489,0.1066054854978385
2490,0.1084821310458843
2491,0.1120288281426779
2492,0.100807795208435
2493,0.1403713255310671
2494,0.1898349272963329
2495,0.1823952558957722
2496,0.0756360548225703
2497,0.049652513522835395
2498,0.051515137008593004
2499,0.0494082008431153
2500,0.048990656005087396
2501,0.0503229620157664
2502,0.0561908003487061
2503,0.07339830982284899
2504,0.0944699194298778
2505,0.1157794355089654
2506,0.1394924914451719
2507,0.1485030878398279
2508,0.1269979688437457
2509,0.1454598884712044
2510,0.15153721039601148
2511,0.1383517599437968
2512,0.12186128409232541
2513,0.10230099879032531
2514,0.1047425870832424
2515,0.1018338444971392
2516,0.1027428375886217
2517,0.1322599640977739
2518,0.1883323640896719
2519,0.18424874285085302
2520,0.0719057461880195
2521,0.0531924374968568
2522,0.0513637320215159
2523,0.0478760987827792
2524,0.0504920404671931
2525,0.0522216572820438
2526,0.0565484168796076
2527,0.0680843477792833
2528,0.09525606293899119
2529,0.1099548035303413
2530,0.12948079576582938
2531,0.1435588737753095
2532,0.122565565600184
2533,0.1387065606334516
2534,0.1424597775073399
2535,0.1418304992169563
2536,0.119786181757344
2537,0.10849990082987529
2538,0.10217078741665919
2539,0.0897561974259996
2540,0.1031949464669136
2541,0.1368653989880437
2542,0.18365654224569838
2543,0.1823675150945133
2544,0.0790953285957258
2545,0.049894101703784596
2546,0.0497094756831271
2547,0.0504529979838094
2548,0.0490508035054857
2549,0.0489761450318128
2550,0.0548435794859713
2551,0.0679969511990812
2552,0.0883705440573927
2553,0.1159420805054392
2554,0.1468710196779661
2555,0.1456381527622523
2556,0.1307897191532031
2557,0.147793004121522
2558,0.13646402422794118
2559,0.1244359607680965
2560,0.117395382267139
2561,0.10532369043406051
2562,0.1078169105086688
2563,0.0996442737253897
2564,0.10126665410833141
2565,0.1441615252629441
2566,0.1803705879472479
2567,0.1794321106940187
2568,0.0808356646260307
2569,0.0504840517940491
2570,0.053685171814923896
2571,0.0505185102359887
2572,0.048704596345020695
2573,0.0503145405552202
2574,0.0546853052608861
2575,0.07104608684167281
2576,0.0948368431672693
2577,0.1171846556883827
2578,0.1345535892702828
2579,0.1438709373292649
2580,0.1241068220768292
2581,0.1485863721854052
2582,0.1392480736242396
2583,0.1305093652174463
2584,0.115756187536699
2585,0.1036414443401889
2586,0.1000424639217461
2587,0.0902534768124824
2588,0.1044115159739176
2589,0.1376188878617973
2590,0.1924694855969449
2591,0.20134668805691208
2592,0.0883295614513411
2593,0.0603402722829804
2594,0.06758482903712411
2595,0.0610070802663156
2596,0.050325757250870296
2597,0.0614760311322996
2598,0.0578881091748693
2599,0.0664531370685258
2600,0.0760150078312519
2601,0.1066986785999255
2602,0.1644779461641074
2603,0.1653048801714732
2604,0.13738083989226402
2605,0.1393750900971629
2606,0.1593690555220032
2607,0.0946603389273058
2608,0.1255379718550603
2609,0.12492726027224871
2610,0.1048173408622497
2611,0.0965748467106902
2612,0.1039648689287956
2613,0.1584666279870679
2614,0.18740208792213048
2615,0.1453883076075491
2616,0.0661762710744401
2617,0.0634281529863681
2618,0.0633125881086836
2619,0.0574660704634397
2620,0.051226032008436104
2621,0.055778898386049505
2622,0.0534907973168155
2623,0.0634735315164458
2624,0.0780149149521771
2625,0.1211620478947924
2626,0.174232871543035
2627,0.1595745062576109
2628,0.13547742280584749
2629,0.1306759983524865
2630,0.1719157696777436
2631,0.0973813521874161
2632,0.1293598739826199
2633,0.139789336697651
2634,0.119645411761155
2635,0.0902630780653952
2636,0.0956556616004261
2637,0.1532714166412154
2638,0.1802531367479735
2639,0.15250718489491139
2640,0.0680445850875763
2641,0.0538840274987384
2642,0.0518012251285182
2643,0.0487623289027887
2644,0.0496365924988293
2645,0.0525674838025824
2646,0.0528199918096147
2647,0.0665213419395183
2648,0.0969595824313685
2649,0.1246780781888291
2650,0.1435625121547532
2651,0.1442049779741362
2652,0.11778104177032889
2653,0.1463795940188899
2654,0.1417519759798183
2655,0.13766891457689628
2656,0.1131100787406885
2657,0.0979449761693478
2658,0.1123082686707849
2659,0.1053778254095244
2660,0.1044834411116674
2661,0.1373067174191775
2662,0.19504505193710842
2663,0.18928701606559478
2664,0.0765967647514387
2665,0.0530984039712288
2666,0.055210626617182
2667,0.0505209608612074
2668,0.0487482269394167
2669,0.0499690497319902
2670,0.0547401406807605
2671,0.0739661051180945
2672,0.0925069245704683
2673,0.1103353305895528
2674,0.1384881690328833
2675,0.1350507761117198
2676,0.11903076262750939
2677,0.143059372494241
2678,0.1546659970103532
2679,0.1383794403147653
2680,0.1147206047718348
2681,0.1052573035455619
2682,0.1139162775200791
2683,0.0947993003200274
2684,0.0958981971781874
2685,0.1300618993015398
2686,0.187533373898112
2687,0.184847475162412
2688,0.07953260101288101
2689,0.0507125809570261
2690,0.053173691412406396
2691,0.0505675889877887
2692,0.0491703498588701
2693,0.0496558079224163
2694,0.0562994793490596
2695,0.0746505430504155
2696,0.09893811256936409
2697,0.1071331804316648
2698,0.1394175243519839
2699,0.1417459022126502
2700,0.1297555377662383
2701,0.15237576498500738
2702,0.1448980590836926
2703,0.1378489152980786
2704,0.117339066419867
2705,0.1046712217592696
2706,0.1028648896821659
2707,0.1016368572006638
2708,0.0993263659540807
2709,0.1431037819041644
2710,0.1919773019213885
2711,0.1748908057666665
2712,0.0709813129481707
2713,0.0521935279519252
2714,0.0509630732887017
2715,0.0490070240907733
2716,0.048362991331861796
2717,0.0509650076092672
2718,0.0518724863313516
2719,0.0727147337263805
2720,0.10000239951161739
2721,0.1103390692671488
2722,0.1400190407102081
2723,0.1399208642286757
2724,0.1253561682926457
2725,0.14239397448853308
2726,0.1459099373025373
2727,0.130173375275342
2728,0.11474813516260671
2729,0.1099646416690208
2730,0.10676343721133791
2731,0.0993807897378747
2732,0.1049632895114783
2733,0.1313082387345151
2734,0.18567328576194841
2735,0.1905983095023725
2736,0.078427619067694
2737,0.0516578548102588
2738,0.053625693019099197
2739,0.0496383113011356
2740,0.0484590696200504
2741,0.0508194448796893
2742,0.0562679287713056
2743,0.0737516029590638
2744,0.0954811651467047
2745,0.11919448021371071
2746,0.1361323878496877
2747,0.1372386701464534
2748,0.12374474932488219
2749,0.1482616339504954
2750,0.1434352777031017
2751,0.1291326580440356
2752,0.1206886744976295
2753,0.1148775711331001
2754,0.1052813868466779
2755,0.102128369697255
2756,0.1022944762761342
2757,0.141111799899623
2758,0.20398841898582631
2759,0.1703230820820502
2760,0.0676401356460698
2761,0.0618144822954389
2762,0.0636671283398231
2763,0.0624832917383944
2764,0.0508533548085434
2765,0.0610226701715505
2766,0.0565899760387058
2767,0.0633824026216296
2768,0.078764273111673
2769,0.1059963290150449
2770,0.17759271254218228
2771,0.1696920498920877
2772,0.1345353279613551
2773,0.14131044994215541
2774,0.1843376689028698
2775,0.1035168924249393
2776,0.1286321806284678
2777,0.13817835722964
2778,0.1209555039842452
2779,0.0923756877628224
2780,0.0963673837680451
2781,0.1557861885501658
2782,0.18345583938420912
2783,0.1534188737930386
2784,0.069403201620302
2785,0.0633210131462022
2786,0.0651426934607272
2787,0.058302873265895
2788,0.051179546920372396
2789,0.0608736010964559
2790,0.056708603645257
2791,0.0660309651744035
2792,0.0747772212961699
2793,0.1061490748118952
2794,0.15854456803160688
2795,0.1628875012456894
2796,0.1361479064423671
2797,0.14198001833836
2798,0.1685028357930719
2799,0.0971303990393846
2800,0.1268580262162881
2801,0.1364838235533148
2802,0.11660378905051991
2803,0.096389139657869
2804,0.1026251175674348
2805,0.1506199398093544
2806,0.1778049225627577
2807,0.1523305806414215
2808,0.06933717841736631
2809,0.0518117931912868
2810,0.050603593842535
2811,0.0491458981934935
2812,0.0497940314835845
2813,0.0497664590776591
2814,0.053654541660991
2815,0.0667615259841485
2816,0.0973922883533886
2817,0.1190923533875138
2818,0.1473046248832511
2819,0.139553227949157
2820,0.1194102691241698
2821,0.1427104175663531
2822,0.1615148136490127
2823,0.14734914512067782
2824,0.114571117482002
2825,0.109604868634332
2826,0.1029144446692295
2827,0.0906361352095991
2828,0.0998522073125348
2829,0.1372512826400432
2830,0.1845385014332559
2831,0.18321569412431
2832,0.0720987668272672
2833,0.0500861044492033
2834,0.0531658547795208
2835,0.0511744333995957
2836,0.0486613400395149
2837,0.0500260540533117
2838,0.0555643431121932
2839,0.0754503951870116
2840,0.09368387957546831
2841,0.1134823324253952
2842,0.1330196790891263
2843,0.1314676795281691
2844,0.1247196907244013
2845,0.1671115174703314
2846,0.1494711223436327
2847,0.1411837392691809
2848,0.12281833051644742
2849,0.10921123828043361
2850,0.1085429251494618
2851,0.0991034069867496
2852,0.0972985766719427
2853,0.1345927563092392
2854,0.18592750179067818
2855,0.1817840328792544
2856,0.07840680993048929
2857,0.0505404120452498
2858,0.0513599724020622
2859,0.0501225390377074
2860,0.0509749597714134
2861,0.0501410162912035
2862,0.0557134321796751
2863,0.0735241858333538
2864,0.0934130547684304
2865,0.1151928684819815
2866,0.1443020540032503
2867,0.1415321597649697
2868,0.1240030884868457
2869,0.15232361638122122
2870,0.1464206614651425
2871,0.1270775812091237
2872,0.1183188280218412
2873,0.0981707779551973
2874,0.101321066067098
2875,0.0974202498780915
2876,0.0964065304549247
2877,0.1439419568741968
2878,0.1864264461984414
2879,0.1731985237678009
2880,0.0716998871566926
2881,0.0521717411951272
2882,0.052042047269601
2883,0.048979467306930397
2884,0.0494082378881359
2885,0.0511266377545341
2886,0.0534319493889155
2887,0.068583005777152
2888,0.1063083820035684
2889,0.11849584777285191
2890,0.132517525152675
2891,0.142057943138886
2892,0.1200348495974162
2893,0.14822063689777049
2894,0.15471206082443362
2895,0.1363338921203649
2896,0.1151239528751738
2897,0.1138063177037197
2898,0.1061727823271689
2899,0.0973925715973661
2900,0.1033542456479051
2901,0.1363304220199421
2902,0.1783121707948904
2903,0.1763713709520339
2904,0.0794053996311775
2905,0.0517523260594122
2906,0.0510523476683367
2907,0.048926261835299203
2908,0.0481220455713329
2909,0.0516330304630989
2910,0.0540517704106584
2911,0.0702724380985647
2912,0.0922187840011085
2913,0.111658457004569
2914,0.1339323231994703
2915,0.136276429020286
2916,0.1194617077676059
2917,0.1569661971042681
2918,0.1473253483594803
2919,0.1287073377186895
2920,0.12078434255033481
2921,0.1049125056070229
2922,0.10141632196102959
2923,0.0912992760026094
2924,0.1000713089313079
2925,0.133263684964845
2926,0.1875783773464995
2927,0.17666327758988498
2928,0.0763787947476791
2929,0.0593357002239345
2930,0.0625922684551449
2931,0.0560516979840289
2932,0.0488614297192514
2933,0.0584218189698078
2934,0.0566801243831059
2935,0.0647070402946208
2936,0.0792973219550679
2937,0.1044534273229802
2938,0.1633241124678013
2939,0.1640167634164296
2940,0.1347904070919862
2941,0.1339904250778644
2942,0.1676631498912905
2943,0.0976023104891279
2944,0.1332176420616932
2945,0.13575500910288169
2946,0.1175131232217118
2947,0.09530481825004761
2948,0.0955625092198477
2949,0.155616479825256
2950,0.1795770250785075
2951,0.1416029890228684
2952,0.0678103426653084
2953,0.0637907857738531
2954,0.0649016524050675
2955,0.0606207982876314
2956,0.0514246629536708
2957,0.0602443900418118
2958,0.0571310930965467
2959,0.0609400239870663
2960,0.076008661996364
2961,0.1126343158379137
2962,0.1737228641076661
2963,0.17346987315854
2964,0.1419042724976727
2965,0.1342741891826981
2966,0.1642767167501382
2967,0.10163107871623431
2968,0.13457071391496062
2969,0.13977591622795
2970,0.11376265084182441
2971,0.0901110894855514
2972,0.0904772100030602
2973,0.1522844306421326
2974,0.1716210249297358
2975,0.1422537902707832
2976,0.0667074841806119
2977,0.0523606234253944
2978,0.0540509249130006
2979,0.0501227779544922
2980,0.049149222096427
2981,0.0488790448662506
2982,0.0524263578295942
2983,0.0727616636825082
2984,0.0942960858336439
2985,0.11274718207300549
2986,0.1437177325761364
2987,0.15139802224279109
2988,0.12324203205985611
2989,0.1416517678224773
2990,0.1436158831644605
2991,0.13776232857520979
2992,0.1216301857639738
2993,0.1046532086149689
2994,0.1090336047907455
2995,0.100442962724836
2996,0.0967230114834885
2997,0.1279543367475035
2998,0.1881527134125966
2999,0.1741805540343194
3000,0.0721215121398959
3001,0.0526958109333049
3002,0.052742439997173
3003,0.0498313619128309
3004,0.0498443288353087
3005,0.0499136215799654
3006,0.0528763862211035
3007,0.0730768385079503
3008,0.1000358644098033
3009,0.11111658702820551
3010,0.1351658534047658
3011,0.1469123779028449
3012,0.1207255855556458
3013,0.1542792465641667
3014,0.157210546867823
3015,0.1332202319062621
3016,0.1111870974183814
3017,0.0978353017648833
3018,0.1003136168969021
3019,0.0934761206868734
3020,0.0982570519845139
3021,0.1283770284898247
3022,0.1872066539957462
3023,0.181511582278397
3024,0.07981962209302221
3025,0.0509906144342467
3026,0.0515000472882263
3027,0.0502051801469549
3028,0.049224072844130204
3029,0.0513481735039834
3030,0.0549143903428872
3031,0.0745859556600919
3032,0.09547238847028419
3033,0.11300896318995679
3034,0.1338311770957279
3035,0.1450875903191854
3036,0.1176233558459984
3037,0.148630000906142
3038,0.1397240601354361
3039,0.130812469704494
3040,0.1169506718372746
3041,0.1068787696882924
3042,0.1064751100231789
3043,0.101008419586102
3044,0.0994242831376661
3045,0.1386411022006815
3046,0.1895706508664243
3047,0.1798435383669023
3048,0.0729487221196205
3049,0.0531035188330127
3050,0.0517932062740449
3051,0.050070527525471004
3052,0.049058497178917096
3053,0.053029630836966504
3054,0.0556970665456304
3055,0.0745805574939309
3056,0.0968347031317834
3057,0.1114023188408879
3058,0.1451050701209509
3059,0.1474067402841977
3060,0.1206277339477935
3061,0.149852449453266
3062,0.15190517355417538
3063,0.1436564704857738
3064,0.1181048281379954
3065,0.1052977258037375
3066,0.1049718662094584
3067,0.09413632742153791
3068,0.0978359979504554
3069,0.1371508785093503
3070,0.1830833913102941
3071,0.1746976894681719
3072,0.0757695478883653
3073,0.0520537487587924
3074,0.0510604598812644
3075,0.0482183256057957
3076,0.0490586066349145
3077,0.0517000898164715
3078,0.0529169359286669
3079,0.07323761166251319
3080,0.1037763769424203
3081,0.1176730422421758
3082,0.1396300608233771
3083,0.1452283206092482
3084,0.1185631514782898
3085,0.1447714804308897
3086,0.1429294370895216
3087,0.14372288343584688
3088,0.1169441914916773
3089,0.1047758057907886
3090,0.1036593444315928
3091,0.0956946530542153
3092,0.0980748727792132
3093,0.1328305114909559
3094,0.1948067451071997
3095,0.1711412957174909
3096,0.0696666739093454
3097,0.0672236446307669
3098,0.0713271119133812
3099,0.0602360573621883
3100,0.0502422588628012
3101,0.057268887184041
3102,0.0549305280395102
3103,0.0636381154493622
3104,0.0746495217939091
3105,0.1054949217668705
3106,0.172186529568376
3107,0.1616530098924141
3108,0.1313864888968718
3109,0.1357923073538062
3110,0.1586605472678179
3111,0.0990189833057035
3112,0.1298739614648167
3113,0.1422263896573762
3114,0.1197017576388669
3115,0.0914413890863982
3116,0.089803186881752
3117,0.1537709510890743
3118,0.177945672274892
3119,0.1388149063746148
3120,0.068510251359498
3121,0.0636060000023707
3122,0.0695290265711426
3123,0.0620383596822406
3124,0.0487862085068697
3125,0.0599758233816029
3126,0.0583961187875908
3127,0.0636426898988695
3128,0.0770987533827531
3129,0.1055854301336625
3130,0.182136356061909
3131,0.1676962403957757
3132,0.1381945166461382
3133,0.1407981985689769
3134,0.1625808976336777
3135,0.0991822561720936
3136,0.1337143907423933
3137,0.1301477344693217
3138,0.1102628975645463
3139,0.09162806863435549
3140,0.0984981330182021
3141,0.1592484725326486
3142,0.162573300920523
3143,0.1430151155518558
3144,0.0720514667775797
3145,0.0522014264594724
3146,0.0507048333434849
3147,0.0498475107196705
3148,0.0505095405955617
3149,0.0493081009164261
3150,0.0541346458917474
3151,0.074799788078956
3152,0.09822818856925569
3153,0.11396898154865359
3154,0.1422293869371685
3155,0.1470778468551053
3156,0.1261811134672158
3157,0.1517369046060106
3158,0.1502172277263191
3159,0.13218605056835658
3160,0.1220121508215079
3161,0.1081722727548305
3162,0.1047695468316104
3163,0.1004894532363466
3164,0.1027686992099878
3165,0.129432945007675
3166,0.181202217773369
3167,0.1790219726154736
3168,0.0780358370244694
3169,0.0542699305202249
3170,0.0540248205967257
3171,0.0508476175663814
3172,0.0490338130305511
3173,0.0506146310192478
3174,0.0514675104042385
3175,0.069293446736088
3176,0.0927987920303376
3177,0.1097914852828483
3178,0.1304031086708003
3179,0.1446151497996977
3180,0.1264071031592097
3181,0.1527710758940254
3182,0.1449328507756812
3183,0.1358439983025243
3184,0.1182954954747123
3185,0.10314569591351949
3186,0.1057982090853116
3187,0.09709792494106839
3188,0.0999133482097883
3189,0.1452005632951135
3190,0.1912369964783629
3191,0.1739450169639635
3192,0.0752044359307365
3193,0.0517593778327059
3194,0.0519057069599361
3195,0.050008184530705505
3196,0.0489343943128157
3197,0.0481001002708333
3198,0.0528313146675094
3199,0.0755610136535574
3200,0.0984882309747758
3201,0.1144511854651413
3202,0.1412341276630819
3203,0.1436290509032414
3204,0.1196886320832862
3205,0.1533701133134017
3206,0.1498745429124553
3207,0.1272974345252895
3208,0.1127443462744286
3209,0.1047135752119496
3210,0.1112468716438631
3211,0.1006238842779427
3212,0.09904565591453371
3213,0.13149421896997598
3214,0.1858155846927099
3215,0.1840135262806991
3216,0.0741479877488903
3217,0.052935100924359796
3218,0.0544664009431483
3219,0.0500759244937444
3220,0.0491711340699452
3221,0.0516964133877431
3222,0.0529381633717969
3223,0.0680248829500686
3224,0.0961092003025974
3225,0.1255148973830028
3226,0.1401785268083443
3227,0.1455960733806604
3228,0.1268959387902244
3229,0.1468295463448695
3230,0.1386496154396278
3231,0.129109284174612
3232,0.1154384238325174
3233,0.10389111107847909
3234,0.1049760558100584
3235,0.0930924257329578
3236,0.10612174518222581
3237,0.1342088123097016
3238,0.1948102702555397
3239,0.17717495416829598
3240,0.0742663298098412
3241,0.0499318544103527
3242,0.0514084577607784
3243,0.0503067103416518
3244,0.0488647801814997
3245,0.0505772616293369
3246,0.0551201917769809
3247,0.0678959930288693
3248,0.09821610119202681
3249,0.11563054669863809
3250,0.1228556475421889
3251,0.1345071056484022
3252,0.11864831693543801
3253,0.1476608011445977
3254,0.14782427015888722
3255,0.1333436436581223
3256,0.1201831187515901
3257,0.1069121587192448
3258,0.1035591956706303
3259,0.0953896728031005
3260,0.1049922882845291
3261,0.145943971160706
3262,0.1893803982554587
3263,0.1746904951838423
3264,0.0742042515535453
3265,0.0595905678484258
3266,0.0613857145990534
3267,0.055591449587724204
3268,0.049706448019306904
3269,0.060963885584942305
3270,0.0594911014900882
3271,0.0649290681557924
3272,0.0762185740537112
3273,0.103001788084811
3274,0.1708195120412051
3275,0.1692835150675993
3276,0.14166945524050711
3277,0.1394540703777775
3278,0.1713625588907836
3279,0.1045596218690229
3280,0.1379665722275952
3281,0.1450772645932837
3282,0.113569457807221
3283,0.0933934892966034
3284,0.09339139921927
3285,0.1526889953388936
3286,0.1816145906804752
3287,0.1565014490658923
3288,0.0696799033912881
3289,0.0638987360991294
3290,0.0665338121065178
3291,0.0607692996489901
3292,0.0503302744393355
3293,0.055995521698204
3294,0.0532194068843631
3295,0.0646083427468376
3296,0.0810466828095204
3297,0.1081487470975325
3298,0.17194458327351309
3299,0.1648101319601465
3300,0.1468608204472134
3301,0.1391519370554596
3302,0.1580101729318126
3303,0.099735292044437
3304,0.1357998694620885
3305,0.1503220458933692
3306,0.12201351092618219
3307,0.091838136309576
3308,0.0901265939563929
3309,0.1545684251601453
3310,0.1708157701280265
3311,0.1496182422152779
3312,0.0684057272003023
3313,0.053003012060660604
3314,0.0520281934365788
3315,0.0501511432782285
3316,0.0506414689341453
3317,0.050684408150659804
3318,0.0513207321083905
3319,0.0693857241380943
3320,0.0942525494885899
3321,0.1232409522198841
3322,0.1426682659669918
3323,0.138516728466749
3324,0.12255001472569829
3325,0.1534679180556844
3326,0.1502016556503662
3327,0.1365729415682179
3328,0.1175781580183857
3329,0.10742614085488231
3330,0.1003447288014392
3331,0.094212708698902
3332,0.0984080634439971
3333,0.1332681167280677
3334,0.1802452267471358
3335,0.1724028161239969
3336,0.0762110571312694
3337,0.0516986599632187
3338,0.0530769503682642
3339,0.0503271604635334
3340,0.049683121027904606
3341,0.0506614142689575
3342,0.0543885995993078
3343,0.0712581693016172
3344,0.1019861556481265
3345,0.1223165402709283
3346,0.1440567680142853
3347,0.1528573134979934
3348,0.1282274661326905
3349,0.1425332485927734
3350,0.1450659640679745
3351,0.1361950260948287
3352,0.1138802433745322
3353,0.1068122046344728
3354,0.1104464739358361
3355,0.0925483468532803
3356,0.0996564461289034
3357,0.13355169034584569
3358,0.1841635846139226
3359,0.1787243830588524
3360,0.0744180167323635
3361,0.0527998367999022
3362,0.0511201894610988
3363,0.0480392634007532
3364,0.0496206084533476
3365,0.0515840087604967
3366,0.0549775415387251
3367,0.0717229778177764
3368,0.0937064658230636
3369,0.1106875893746207
3370,0.1282916277335934
3371,0.13697687583472912
3372,0.1273097022397776
3373,0.1483572613332477
3374,0.1402930462733915
3375,0.1351353273897647
3376,0.1156920973333989
3377,0.1013028228758809
3378,0.101772565066704
3379,0.0996938574562511
3380,0.1003497977051741
3381,0.131597834711214
3382,0.1825575299929092
3383,0.17805144299818598
3384,0.0771862707560925
3385,0.0515407138635718
3386,0.0508822805557797
3387,0.047958813060155495
3388,0.0505738750435623
3389,0.0500654488862627
3390,0.0511192235836707
3391,0.0701019185377263
3392,0.0965544611345529
3393,0.11550108842596271
3394,0.1503976974824573
3395,0.1465579413512656
3396,0.1211774065094261
3397,0.14601618590479432
3398,0.1322443779872984
3399,0.12947846999915
3400,0.1219160897466852
3401,0.1073284754920928
3402,0.105076725241354
3403,0.0963598528112717
3404,0.09762643840045371
3405,0.1336652314988311
3406,0.1843358499482025
3407,0.1775419499743719
3408,0.0739307200609478
3409,0.0539422919435388
3410,0.0564759392203483
3411,0.0507033726973904
3412,0.047556177934588
3413,0.0498582377301689
3414,0.0543859632334671
3415,0.0761506239276275
3416,0.0913351469593358
3417,0.124584028079992
3418,0.1484600259441844
3419,0.15212287633236138
3420,0.1282106213873209
3421,0.1526486501603535
3422,0.1435842733719154
3423,0.1236788415495209
3424,0.11842096392371909
3425,0.1120918776339411
3426,0.112099220852115
3427,0.09698818403734741
3428,0.1024336240539696
3429,0.1282545749342406
3430,0.1927452759270662
3431,0.1909740704192256
3432,0.0750767552549635
3433,0.0634037930597561
3434,0.06542814212127801
3435,0.055480530053842
3436,0.0489957698070564
3437,0.0618293748798594
3438,0.0583582976242923
3439,0.0657699538449629
3440,0.0767535030212419
3441,0.10466273172508189
3442,0.1659641666054774
3443,0.1591207254004866
3444,0.1395881363632018
3445,0.1362318999923285
3446,0.16825372653882
3447,0.104332359859176
3448,0.1335003857903147
3449,0.1371295588626225
3450,0.1110159297377056
3451,0.0923366479563602
3452,0.0961679034257423
3453,0.1495946262135783
3454,0.1704855288643615
3455,0.1577977543951088
3456,0.076092295120121
3457,0.0646442376984392
3458,0.0621076280688056
3459,0.0550932244505557
3460,0.0501562553165142
3461,0.0590048027247694
3462,0.0583594255777952
3463,0.0674597128981217
3464,0.0746920941019619
3465,0.108810814254027
3466,0.173663232661101
3467,0.156975310110333
3468,0.13170885974917
3469,0.1328804472889593
3470,0.1536262278457794
3471,0.0897314139329467
3472,0.1284064716891417
3473,0.1464624667995117
3474,0.1178230434095122
3475,0.0946608671831044
3476,0.10427133855147419
3477,0.1671271518819459
3478,0.1689620708029787
3479,0.1487504383276712
3480,0.0690946730649925
3481,0.0508598785895876
3482,0.0523800506754736
3483,0.0491203095729051
3484,0.049413272071311
3485,0.0510076217002385
3486,0.0539440968468397
3487,0.0725472304866131
3488,0.0950952093601828
3489,0.11395301282364881
3490,0.1432861013653277
3491,0.1344240517264773
3492,0.1126829736012268
3493,0.14579173779053461
3494,0.1424492679378738
3495,0.1334420110408944
3496,0.1221942828113413
3497,0.1086441708843036
3498,0.1046090567949952
3499,0.1041370924556438
3500,0.1017837893773752
3501,0.130055602606895
3502,0.1894839750844343
3503,0.1875044134228486
3504,0.0799926030622924
3505,0.0515914863966352
3506,0.0503621113122017
3507,0.0488842768953713
3508,0.0499359057079735
3509,0.050530169730534
3510,0.0512617939539286
3511,0.0698771209133363
3512,0.09394135838783291
3513,0.1148960853867239
3514,0.13877836582361658
3515,0.1398328714164016
3516,0.1216353639572125
3517,0.14227494645021171
3518,0.1482476165479179
3519,0.127820464622952
3520,0.1218368877551915
3521,0.1119231696739241
3522,0.108334009560899
3523,0.1017426497438634
3524,0.1029219386392048
3525,0.1412607933448901
3526,0.1980271341744153
3527,0.1886773695271095
3528,0.0756875626758826
3529,0.0518331619147469
3530,0.0525218078678327
3531,0.0495314115605035
3532,0.048143348433087
3533,0.0529485887254172
3534,0.0549078386097741
3535,0.0726235887904836
3536,0.0959500432542818
3537,0.1203247656402112
3538,0.1388475410081464
3539,0.1462491487587734
3540,0.12314847660288189
3541,0.1451589716002107
3542,0.1412041003031863
3543,0.1259446755971382
3544,0.1079213070561125
3545,0.10617902217368891
3546,0.1073093898032098
3547,0.1008099095123278
3548,0.09765980418472969
3549,0.1411515378520446
3550,0.1823346735121332
3551,0.1710113835541523
3552,0.0716936293925752
3553,0.0519133134958587
3554,0.051471704189852
3555,0.0502193753152598
3556,0.051008280095636405
3557,0.0519086939112028
3558,0.0533556282150881
3559,0.07553761675795939
3560,0.0970962737535286
3561,0.1221479210227801
3562,0.1373669706379261
3563,0.1308046314376915
3564,0.1216991448225609
3565,0.1455086103571991
3566,0.144918272417706
3567,0.13398776221159509
3568,0.1096063096603507
3569,0.0994487625689012
3570,0.110587589774573
3571,0.09845939825240979
3572,0.1026199064081175
3573,0.1269140699540656
3574,0.1918984885877782
3575,0.1814345730321669
3576,0.075997730334242
3577,0.0521966940061217
3578,0.0510508109346127
3579,0.0497494908434456
3580,0.0473741453372921
3581,0.0524037692673148
3582,0.0594955186896899
3583,0.0678288567845163
3584,0.0949407765936431
3585,0.118578689256877
3586,0.1474035579440747
3587,0.1402087608589701
3588,0.12005404811684331
3589,0.1455329474392496
3590,0.14648023567300408
3591,0.1360622826731819
3592,0.1110077879949314
3593,0.100467640343459
3594,0.1058742311832918
3595,0.0950942526489051
3596,0.09525769420335639
3597,0.1393397126961471
3598,0.1858279116963868
3599,0.1731878379521185
3600,0.0752946121081937
3601,0.0569174666395334
3602,0.062297186240312205
3603,0.0596000628787776
3604,0.0510003494704357
3605,0.0561074483764741
3606,0.054628034691379695
3607,0.0641993096408415
3608,0.0783760737841531
3609,0.1124623169195068
3610,0.1787306082515209
3611,0.1667518146776553
3612,0.1307609817988465
3613,0.1354737709308971
3614,0.160178971731247
3615,0.0961560022707019
3616,0.1315139743905653
3617,0.14960031818816122
3618,0.1218986777067472
3619,0.0927325383262699
3620,0.0922769924789916
3621,0.1471008582658344
3622,0.1782448375233601
3623,0.15855483322534758
3624,0.0714728197455457
3625,0.0596840423022166
3626,0.0655684472959506
3627,0.061531588606946
3628,0.050065314677362
3629,0.057815995401934
3630,0.0563374675204627
3631,0.0663050171840939
3632,0.07565712926107471
3633,0.1053024602200236
3634,0.1706893360136133
3635,0.1649753558189591
3636,0.1351795845488583
3637,0.12310214772772149
3638,0.1686637210016986
3639,0.1024839642098949
3640,0.1142069897045825
3641,0.1195531320498078
3642,0.1177883055613865
3643,0.0950255518125298
3644,0.0943572319188645
3645,0.1410087074786821
3646,0.17643950809244652
3647,0.1552296897095894
3648,0.0677655328503016
3649,0.0509023457334069
3650,0.051867901682768704
3651,0.0493785738084524
3652,0.0488023145261015
3653,0.0520192818505106
3654,0.0537656636512475
3655,0.0693830520909821
3656,0.09000472111706259
3657,0.11745105450183371
3658,0.1368023710626241
3659,0.1438395085551599
3660,0.11997040338010159
3661,0.158002255308241
3662,0.14242023654961472
3663,0.1267997660975797
3664,0.1242864226390519
3665,0.1115950872897386
3666,0.1061095217980537
3667,0.0983175859675067
3668,0.1046965315594455
3669,0.131629433444779
3670,0.1825989270916246
3671,0.1753980115243104
3672,0.0779882904349717
3673,0.0516087803002338
3674,0.0529264615009262
3675,0.0506419791418964
3676,0.0488329046425206
3677,0.0506113094203018
3678,0.0560646589854244
3679,0.0735108901742442
3680,0.0926599525689179
3681,0.1071584377226324
3682,0.1331981507008135
3683,0.1440654087425019
3684,0.116223697281506
3685,0.13899409305393562
3686,0.1456598198084619
3687,0.131544555199324
3688,0.1083494346640166
3689,0.103025282596764
3690,0.10898517405879979
3691,0.10277320289686209
3692,0.1003242726648249
3693,0.1332620701526764
3694,0.1913772064395316
3695,0.1920262676541702
3696,0.0833961007594525
3697,0.0523202647719081
3698,0.0519358505975031
3699,0.048542474689951
3700,0.0500891055607586
3701,0.0517285066391207
3702,0.0537478267176094
3703,0.0694535867702324
3704,0.0962731972232781
3705,0.1233123505399729
3706,0.13799801774323428
3707,0.1361225416054758
3708,0.1241281919706115
3709,0.1571085401348187
3710,0.1483299702735532
3711,0.138810311685731
3712,0.1163670462958166
3713,0.1035564219431914
3714,0.1017863361881027
3715,0.0916396747604734
3716,0.1020104397275335
3717,0.1351839234385569
3718,0.1874532103440918
3719,0.175129252806712
3720,0.0796568034746671
3721,0.053791527447323406
3722,0.0518155014713598
3723,0.050796503358633296
3724,0.0493212604411791
3725,0.050869464146378704
3726,0.0596516642098862
3727,0.0783578233477141
3728,0.1034536671399643
3729,0.1156238962150815
3730,0.1432826360243259
3731,0.1486307826239717
3732,0.1214364407812165
3733,0.142223582788851
3734,0.1434878776631512
3735,0.1341303971782139
3736,0.1211990480493633
3737,0.1033954451592682
3738,0.1049023488983651
3739,0.0879373220933031
3740,0.1061429842933979
3741,0.1392822111843893
3742,0.18475511928575938
3743,0.176991880241623
3744,0.0765077701975004
3745,0.051441597609071
3746,0.0520104123061089
3747,0.0490690597881074
3748,0.0490942409866437
3749,0.051799633649292104
3750,0.0539057557129095
3751,0.0671908560265429
3752,0.0943646194022043
3753,0.1178909814111582
3754,0.1297972600841324
3755,0.1446331092188576
3756,0.1178884041884159
3757,0.14549626946973251
3758,0.1460493762047893
3759,0.1378987535429318
3760,0.1183113559994506
3761,0.10350868122568929
3762,0.1066203896383577
3763,0.1084062821559433
3764,0.10590010043103801
3765,0.1349626635434685
3766,0.1804706901530253
3767,0.1887233702517678
3768,0.08214370240003441
3769,0.0547932521195741
3770,0.0596251677133718
3771,0.059488105956016
3772,0.0510943353458471
3773,0.0591116562374146
3774,0.0554198938196651
3775,0.064986110093099
3776,0.0717851369815182
3777,0.1046135158214685
3778,0.1685935838399794
3779,0.1631743666181646
3780,0.1353425844997379
3781,0.13287452310610132
3782,0.1688864671790209
3783,0.1059677229188183
3784,0.1315630197208121
3785,0.1466103601693915
3786,0.1286387437735946
3787,0.0915093012514865
3788,0.09456245504269101
3789,0.15543423013804442
3790,0.1696497036441329
3791,0.1379098112147085
3792,0.0634033634234418
3793,0.064569133309934
3794,0.0686031824798275
3795,0.060175470409845
3796,0.051620827021192
3797,0.0610159676162709
3798,0.0564965387307258
3799,0.0627909255627179
3800,0.077151451173703
3801,0.10921268324763919
3802,0.1747035587249216
3803,0.1636792052252355
3804,0.1351926890667623
3805,0.1330337368975007
3806,0.1579116091973015
3807,0.0963250825780486
3808,0.1261942335361544
3809,0.1256576615729209
3810,0.1070551134614183
3811,0.0894378406169298
3812,0.0972565167590495
3813,0.15956668937835888
3814,0.1686808596992934
3815,0.1452001240078712
3816,0.0672508601279457
3817,0.0523135777191106
3818,0.051965725444382396
3819,0.0494912289433054
3820,0.0486988460280324
3821,0.051235415356274905
3822,0.0548023592948434
3823,0.0688008274744622
3824,0.0983193859098134
3825,0.1183417485500111
3826,0.1423421512607866
3827,0.13795792946782298
3828,0.1285450759506009
3829,0.1495511018716258
3830,0.1446173886175839
3831,0.1309411419292071
3832,0.1164284707803484
3833,0.0984913927581279
3834,0.0992847340475262
3835,0.09963291470714179
3836,0.1000455020826575
3837,0.1285426127777749
3838,0.1885263847238966
3839,0.1813273933960734
3840,0.0762932988522446
3841,0.0513371625302765
3842,0.0506144015067764
3843,0.0501569590636408
3844,0.0482185464886063
3845,0.049557562257504004
3846,0.0522097329476148
3847,0.0668494397906723
3848,0.0894629345134491
3849,0.12298725796636181
3850,0.1453867375825709
3851,0.1393294890101659
3852,0.127458564642814
3853,0.1509990356472947
3854,0.1557185656342913
3855,0.1438580255242785
3856,0.1157281530806612
3857,0.1012138257967928
3858,0.11522824365894971
3859,0.1046174807557923
3860,0.1016192707157962
3861,0.1390869802454429
3862,0.1884191945941241
3863,0.1718852421049169
3864,0.0736937241032581
3865,0.0507984643565395
3866,0.0513013074965076
3867,0.0495733043090512
3868,0.0499865102490598
3869,0.0518804449954698
3870,0.05255207133416
3871,0.0710438085541721
3872,0.0979468101983741
3873,0.1143732556982393
3874,0.1318640781575681
3875,0.1482347732589684
3876,0.12900584040780239
3877,0.1468491611753813
3878,0.13962979672104942
3879,0.1320901537153099
3880,0.1219871913729248
3881,0.10680984487055631
3882,0.1053225613783258
3883,0.0932090684248006
3884,0.1026433282660723
3885,0.1283216953253032
3886,0.19637072477790601
3887,0.1879133352423639
3888,0.070988925547128
3889,0.0499180201030444
3890,0.0511698493300029
3891,0.0505691394853645
3892,0.0489087254782981
3893,0.0491310285968137
3894,0.0540694559557899
3895,0.0739276143173403
3896,0.0986308024039611
3897,0.1201194241654759
3898,0.1360492886946688
3899,0.1397124529971253
3900,0.1257666858397778
3901,0.1549081084062452
3902,0.1563695834719931
3903,0.1411482759449769
3904,0.1159532513471663
3905,0.10715136826807839
3906,0.10361868066043739
3907,0.1017145003510725
3908,0.09251297256702559
3909,0.1267424063228128
3910,0.1908098085479541
3911,0.1827835418804672
3912,0.0706719100652359
3913,0.051697491351293104
3914,0.051164156040024
3915,0.0485549537111201
3916,0.0474841750188298
3917,0.0501203091224973
3918,0.0537068682469944
3919,0.0696720501572157
3920,0.0894983259413697
3921,0.1180421040640275
3922,0.1373767788223901
3923,0.1370364867443063
3924,0.12909112497705671
3925,0.1534507296919586
3926,0.1447626970281226
3927,0.1327907275589742
3928,0.117615950284908
3929,0.1084754797106603
3930,0.1080413022711669
3931,0.099640599186432
3932,0.10143719136170651
3933,0.13286039299061858
3934,0.1786952363123082
3935,0.1706312619228618
3936,0.0784687506499243
3937,0.058736188020375404
3938,0.0619901174197908
3939,0.058817706535063
3940,0.0522881623212644
3941,0.0588795675364113
3942,0.0543905495798871
3943,0.06533726994969591
3944,0.0741308940829863
3945,0.1096451648411611
3946,0.1629613411267105
3947,0.1626792342746898
3948,0.14136187056176752
3949,0.1351831600850503
3950,0.1578904427697027
3951,0.09961514335860461
3952,0.1291301610672377
3953,0.1290942039764349
3954,0.1104722703576329
3955,0.0896303665512337
3956,0.0941108328080581
3957,0.1542547678822596
3958,0.1745691431500683
3959,0.15179337767539958
3960,0.0738088520817968
3961,0.0601403341625814
3962,0.061724744183074
3963,0.0618536996519437
3964,0.0497482753254158
3965,0.0556788545473783
3966,0.0567835011550452
3967,0.06530424571979179
3968,0.0804778362330488
3969,0.10332692136907701
3970,0.1721179876756744
3971,0.16026426639316438
3972,0.1368681987933802
3973,0.1456924889240922
3974,0.16446953221506
3975,0.0950329150693025
3976,0.1270556516611414
3977,0.1421803773843096
3978,0.1116522940797408
3979,0.0952560026623244
3980,0.1029275466736352
3981,0.1551950294702443
3982,0.1604828269004447
3983,0.1311161431172333
3984,0.0632914341226062
3985,0.051669596836188
3986,0.0515125108726171
3987,0.0496218693892025
3988,0.049559503715675995
3989,0.050768805147524
3990,0.0518222698492882
3991,0.06883307307726261
3992,0.0940655034948352
3993,0.1207090133386198
3994,0.13939411199113572
3995,0.1385382669069286
3996,0.1252168539839824
3997,0.154242874052062
3998,0.1438788020443931
3999,0.1340397127845742
4000,0.1099896441330064
4001,0.104347486137744
4002,0.1036970221096876
4003,0.1024503017860986
4004,0.1010875923948287
4005,0.13343025156821509
4006,0.1866810583630377
4007,0.1840193127716387
4008,0.0757352302050341
4009,0.0531637761163478
4010,0.0510651460205757
4011,0.050596098960647
4012,0.0505036899375758
4013,0.0524257917353972
4014,0.0542123002449871
4015,0.0715177140722599
4016,0.0984387525132613
4017,0.1176330416901885
4018,0.14024787153849
4019,0.144251485683974
4020,0.1232320259746982
4021,0.146015698711051
4022,0.1557916661614125
4023,0.1306767993721722
4024,0.1115183976491923
4025,0.0998923425914329
4026,0.1067584093348941
4027,0.1026443834573444
4028,0.1013962659267256
4029,0.12725381247984519
4030,0.1780554535038291
4031,0.1755621433175776
4032,0.08172025959028739
4033,0.0522415603833171
4034,0.0523249704260466
4035,0.0501489578877722
4036,0.0499086811964951
4037,0.0488385249519576
4038,0.0539891064259544
4039,0.0714724658457475
4040,0.0929126244108867
4041,0.11074794599601451
4042,0.1308929348796854
4043,0.1468888296267185
4044,0.117485148733473
4045,0.1472347591217555
4046,0.1426150098229344
4047,0.1308559664109333
4048,0.1118097696998674
4049,0.10730927013203059
4050,0.1087040762402958
4051,0.1068385503457507
4052,0.1116284075844422
4053,0.1371132205243323
4054,0.1816852215552277
4055,0.1695836935234509
4056,0.07260045956596
4057,0.0526019208551191
4058,0.051664416371824395
4059,0.0496704966297586
4060,0.0497795358967277
4061,0.0510760602737849
4062,0.0518516313422869
4063,0.0697561755063551
4064,0.09228453119195029
4065,0.1198536228036289
4066,0.1534167342983453
4067,0.1485173647417115
4068,0.1268892068552783
4069,0.13533363917230662
4070,0.1548840969517481
4071,0.1341078056095904
4072,0.114340098787514
4073,0.1028743096616627
4074,0.10679250049337599
4075,0.0955973713577965
4076,0.0968379575200568
4077,0.1325470104676065
4078,0.1803656432670729
4079,0.18965017440084442
4080,0.0855547978793386
4081,0.0512354285799292
4082,0.0513324792597145
4083,0.0509350395292631
4084,0.048637870514723
4085,0.0504996374525153
4086,0.0540413921066676
4087,0.073321895661945
4088,0.0946725686321978
4089,0.111924423069952
4090,0.1337980037444877
4091,0.1365145575091914
4092,0.1217284754200951
4093,0.1492694169656664
4094,0.1484913691364467
4095,0.1412964723537969
4096,0.1220647320260532
4097,0.1065123149929489
4098,0.112852364609905
4099,0.0967168307180413
4100,0.0970836368282416
4101,0.1334458575526365
4102,0.1921301181822973
4103,0.1798414020688156
4104,0.0731614038259725
4105,0.0618194895051871
4106,0.06754657224244989
4107,0.0598042224639243
4108,0.0493367319885846
4109,0.058742193197343404
4110,0.0567986853111062
4111,0.0595259802090218
4112,0.0743054270169867
4113,0.1090855077065401
4114,0.17580573105029268
4115,0.1668719369690743
4116,0.1338296142016269
4117,0.12894492604126828
4118,0.1601188675995163
4119,0.0974525232433679
4120,0.1247394245614061
4121,0.144413554513899
4122,0.1176366929515805
4123,0.0918458420700095
4124,0.10131804212458739
4125,0.1607228767609624
4126,0.18324873605430558
4127,0.1489100836752052
4128,0.0696469374110864
4129,0.0593217588768936
4130,0.0610032259630999
4131,0.058887124142668
4132,0.051964313084747
4133,0.0586719631416448
4134,0.0565396632655202
4135,0.0693498475020042
4136,0.07544835761822691
4137,0.1101425091579626
4138,0.17774372687303458
4139,0.1640649382178743
4140,0.1375315342741766
4141,0.1420861480620364
4142,0.173985148447564
4143,0.1031610490785026
4144,0.115775738918305
4145,0.12945101865355269
4146,0.1210033416365468
4147,0.0905973349075349
4148,0.0920456942153215
4149,0.1574528951767607
4150,0.1788829509818913
4151,0.1549116192795161
4152,0.0712370227972994
4153,0.0518364754085969
4154,0.0528696996798248
4155,0.0491770831226721
4156,0.0487923761551675
4157,0.0518538334664616
4158,0.0541278841894811
4159,0.0669630911061722
4160,0.0918331206876186
4161,0.110508495251008
4162,0.1342614384272349
4163,0.1456729646981492
4164,0.126547399116959
4165,0.1487627713272436
4166,0.1484658323831142
4167,0.1336924606326752
4168,0.1193354606972098
4169,0.1020104736008466
4170,0.0983110288807798
4171,0.0957139440228499
4172,0.1026144594185299
4173,0.1339609004042048
4174,0.18536401227317278
4175,0.1798234560246027
4176,0.0741962565383549
4177,0.0509175170197931
4178,0.052118395766603
4179,0.0494748678796013
4180,0.0497455800849321
4181,0.050261623623339996
4182,0.0552391075462045
4183,0.0683287210632864
4184,0.09053068900908931
4185,0.1141360032277784
4186,0.1341797830168438
4187,0.1413676707812503
4188,0.1286452662732753
4189,0.1538735862622997
4190,0.1489343130820298
4191,0.1344471440784723
4192,0.1168878061533333
4193,0.1067496510697832
4194,0.10898653151852
4195,0.0964616687343981
4196,0.0992678592650038
4197,0.1203380824665392
4198,0.187501664320878
4199,0.1852066188093671
4200,0.0780869079797196
4201,0.0511722451291273
4202,0.050769000299482
4203,0.0492259729907082
4204,0.0496391920093881
4205,0.0520338800906935
4206,0.0536869688927976
4207,0.076267101088302
4208,0.0947407789467542
4209,0.1077642593261056
4210,0.1407016750680254
4211,0.14648240659876088
4212,0.1215482894420239
4213,0.1479413727550857
4214,0.1529552134570017
4215,0.1339419106982071
4216,0.11520442225378161
4217,0.0988796409216567
4218,0.1005257207928695
4219,0.0976065442420984
4220,0.1006701227906545
4221,0.1377246883331397
4222,0.1900253368373697
4223,0.18689248710585218
4224,0.08060852053964809
4225,0.053365170546737
4226,0.0515523583078387
4227,0.050502861782649
4228,0.0480523359180391
4229,0.0494207923919055
4230,0.0545560563929987
4231,0.0729863651076809
4232,0.0968645084668596
4233,0.1161351390973942
4234,0.13905582729971372
4235,0.1428408398421004
4236,0.1238464063800865
4237,0.15449396395847792
4238,0.1481817757606757
4239,0.1359050278465965
4240,0.1208248546831063
4241,0.1058584212264501
4242,0.1112231147244405
4243,0.09666584290433841
4244,0.0989506965417173
4245,0.1298625333889889
4246,0.1758068390302974
4247,0.1719066173404705
4248,0.0777792462285967
4249,0.0503367929509343
4250,0.0502354804979907
4251,0.048873905584821103
4252,0.0500234763207045
4253,0.0490315601574972
4254,0.053518925621874096
4255,0.0700724846044134
4256,0.0927506910050097
4257,0.1158742931321872
4258,0.1442125704658077
4259,0.1500134732520285
4260,0.1262486481390595
4261,0.1514569696506105
4262,0.1512931659395465
4263,0.1323626857429402
4264,0.10831367522871149
4265,0.10334097220520849
4266,0.1096186104830746
4267,0.098729524202405
4268,0.0974901610071874
4269,0.1265313135731584
4270,0.1978624782419029
4271,0.1911100395216905
4272,0.0751331121122626
4273,0.0648861138968317
4274,0.0709127158627989
4275,0.0631958269084182
4276,0.0509426593718109
4277,0.0574499725326794
4278,0.0570346637161097
4279,0.0642260750992886
4280,0.077504081073203
4281,0.1048914350879134
4282,0.168463435525203
4283,0.166669102170295
4284,0.1388230517138236
4285,0.1371391759032665
4286,0.1654566052665538
4287,0.1014257998968578
4288,0.1291509538179267
4289,0.1424204075417331
4290,0.11220653538657391
4291,0.0959008835464837
4292,0.0985724854630984
4293,0.1610891861546734
4294,0.1728142158126051
4295,0.13513021912062
4296,0.0685317999760985
4297,0.0603830104847598
4298,0.0631026337876887
4299,0.055672112087384804
4300,0.0509358234611425
4301,0.0608870673908818
4302,0.059552922847373
4303,0.0672776255060934
4304,0.0803531452534782
4305,0.1082581486384944
4306,0.1739443186944774
4307,0.1661931321967885
4308,0.1326597300843863
4309,0.134556435018038
4310,0.1627785416648804
4311,0.0932059490959998
4312,0.11950970321338611
4313,0.136310922672695
4314,0.12756649473721798
4315,0.0961648637529297
4316,0.089961991937235
4317,0.1584129856746957
4318,0.1811014015557501
4319,0.145001189938255
4320,0.07054294837877251
4321,0.0520645328626057
4322,0.052512040197301
4323,0.050172361835153
4324,0.0496275318772241
4325,0.0522345549192869
4326,0.0549908489929742
4327,0.0691237266056334
4328,0.0969470487849284
4329,0.1152380903330351
4330,0.1371848124802431
4331,0.1502958545690284
4332,0.1328803511866282
4333,0.1610733094680034
4334,0.1545814400376764
4335,0.128474267067117
4336,0.1139100867573969
4337,0.1011331106083799
4338,0.09673800374831
4339,0.09359558596369011
4340,0.0997347697492236
4341,0.1304185992636745
4342,0.1801512012208479
4343,0.1795208884519388
4344,0.0806231354988146
4345,0.051378655571683196
4346,0.0531716336865057
4347,0.0498393519752611
4348,0.0500110535172909
4349,0.0524337648754771
4350,0.0554404806228343
4351,0.070193270938488
4352,0.0887682627442378
4353,0.10847762073077
4354,0.14329883792261688
4355,0.1464238602147942
4356,0.130975356117165
4357,0.1434441389619847
4358,0.1427407306707122
4359,0.1332808808053658
4360,0.1138958090332807
4361,0.1021925800725495
4362,0.1051092186805432
4363,0.1018164120811154
4364,0.0956112384425565
4365,0.1403952470503943
4366,0.1903745195206614
4367,0.18524636568299452
4368,0.0810868245302537
4369,0.0520369683491321
4370,0.051876145065062496
4371,0.0483931466589609
4372,0.0497225665570196
4373,0.0514882247330772
4374,0.0535510889803531
4375,0.0677945944326461
4376,0.0971095194081713
4377,0.11008189881137931
4378,0.130633278722535
4379,0.14091627180990268
4380,0.1272097750999615
4381,0.1441890737290622
4382,0.14462144141583388
4383,0.1350056082616197
4384,0.11436003240275
4385,0.1010242648886393
4386,0.1031205708685761
4387,0.0982102815233599
4388,0.1040248090890719
4389,0.1386447268806484
4390,0.1697748237981184
4391,0.1732701640950964
4392,0.0753696519181702
4393,0.0503359477378464
4394,0.050089045218594
4395,0.049670045943262
4396,0.0508488952788405
4397,0.0500893254748666
4398,0.0535796188103305
4399,0.0718570414204719
4400,0.0996115362973
4401,0.11178711355255899
4402,0.1232609007667263
4403,0.1446694048226957
4404,0.1243385578038737
4405,0.1499096551986433
4406,0.1432670581091491
4407,0.13961670944317991
4408,0.1142766279501313
4409,0.1095725310836093
4410,0.1133469841547123
4411,0.1031733183211304
4412,0.09832432769222521
4413,0.138672701800241
4414,0.1909365187542871
4415,0.1813504721965849
4416,0.07078993079445631
4417,0.0533005797043725
4418,0.0523959628358896
4419,0.048003233488437005
4420,0.0482740469296104
4421,0.0516581019632975
4422,0.0515789969879895
4423,0.0676506479977454
4424,0.0918179982718147
4425,0.12086868810836601
4426,0.1340038981909071
4427,0.1367327503247292
4428,0.1277010065359862
4429,0.1511023203681629
4430,0.137841163986505
4431,0.1387062907077361
4432,0.1176454766807987
4433,0.1024792023303454
4434,0.1039339614833988
4435,0.1003768782349666
4436,0.1080534603177397
4437,0.138045240688431
4438,0.190646687185638
4439,0.1731779946853465
4440,0.0763447616164857
4441,0.059456594494256304
4442,0.0615184863675998
4443,0.0576313673064759
4444,0.0495906068476375
4445,0.055572067402547304
4446,0.0540984745471527
4447,0.0658690514723095
4448,0.0789023854145602
4449,0.1112423559811669
4450,0.1713131242193429
4451,0.1668509594941705
4452,0.13584496531705
4453,0.1240974108903963
4454,0.16367059484988639
4455,0.0984655567067959
4456,0.1253718837807632
4457,0.1322441284037057
4458,0.10497337628536291
4459,0.0895118819832639
4460,0.10081915122774801
4461,0.1712138546224856
4462,0.1826893369436744
4463,0.1390284318992272
4464,0.0640543906307511
4465,0.0582607004633547
4466,0.0625341731426054
4467,0.0581686221046449
4468,0.0507103264652609
4469,0.0575263420192232
4470,0.057230411608656204
4471,0.0667146852632341
4472,0.0722742199941123
4473,0.1132449430750279
4474,0.1731069280941113
4475,0.16141964772523798
4476,0.1372987222461831
4477,0.13377089161558758
4478,0.1705629995145842
4479,0.09914180502322201
4480,0.1173246699756872
4481,0.1345186355672165
4482,0.11580857402960859
4483,0.0912353752247896
4484,0.09711226896855449
4485,0.1614510397800421
4486,0.1704464746659753
4487,0.1459342123288524
4488,0.0674382246490009
4489,0.0541307023187379
4490,0.052294825730282005
4491,0.049364613910077196
4492,0.0505205880876911
4493,0.0492989536793534
4494,0.055577914436671996
4495,0.0710208508395722
4496,0.0914757815086734
4497,0.10709879627853511
4498,0.14321116724469002
4499,0.1462603956962423
4500,0.1264785974582618
4501,0.1449929659506172
4502,0.143867579025201
4503,0.1286756051717745
4504,0.1144326637906043
4505,0.10146327411004441
4506,0.1110238351022413
4507,0.1010512328103208
4508,0.1040980492829215
4509,0.13131582606622638
4510,0.1929357104532912
4511,0.1819250423475749
4512,0.0717441218323922
4513,0.0528377820517429
4514,0.0502768460193258
4515,0.050062238077384
4516,0.0506951070248462
4517,0.0500518457726478
4518,0.0528339413804163
4519,0.0729818634165453
4520,0.0943677969939038
4521,0.1100421021614542
4522,0.1280046610507147
4523,0.1404400419052551
4524,0.12403450225968381
4525,0.144596271170307
4526,0.1406675548593314
4527,0.1266645315256314
4528,0.1122024356031306
4529,0.1018088629518745
4530,0.10814479110483069
4531,0.1007819395271666
4532,0.1052325564575569
4533,0.1381658292081866
4534,0.1815298725198892
4535,0.1811416811666314
4536,0.0762405423386753
4537,0.0509484333390506
4538,0.0521890392197462
4539,0.0500289017205107
4540,0.048994030702361
4541,0.0492921041346887
4542,0.0553732586406187
4543,0.0715873067510959
4544,0.1021988970763848
4545,0.11906319213567651
4546,0.1400768950060992
4547,0.1494948101145811
4548,0.121499559031796
4549,0.1552872640429247
4550,0.1486194833115007
4551,0.1252354639105307
4552,0.1166878692770681
4553,0.1081919837985333
4554,0.1003927916941763
4555,0.0922470176380577
4556,0.098379105468098
4557,0.1406672123852582
4558,0.1909773255698915
4559,0.1776020622338877
4560,0.0681170046061353
4561,0.0513604891087919
4562,0.0525702918877069
4563,0.0494113184561745
4564,0.049114140202380696
4565,0.0501919604864554
4566,0.0547010911802006
4567,0.0705144470706832
4568,0.0938386490536793
4569,0.1091567716296494
4570,0.1358876209182843
4571,0.1450276713161805
4572,0.1353244739205292
4573,0.1569393075738594
4574,0.1524085015193466
4575,0.1365265531713615
4576,0.1222804103748707
4577,0.1002000854012037
4578,0.1079866905397188
4579,0.1027289167525343
4580,0.1096390106856337
4581,0.1334638168637207
4582,0.18902317711055922
4583,0.1770461150779338
4584,0.0737654230639387
4585,0.0532141787178735
4586,0.0523508308762018
4587,0.0490769681509992
4588,0.048786353582161
4589,0.0518622302386163
4590,0.0540963514589708
4591,0.0693359993229232
4592,0.0976558267305129
4593,0.11815622471852741
4594,0.1401706403837045
4595,0.1457095213110146
4596,0.1149747435289521
4597,0.1382792206573245
4598,0.1505572066286755
4599,0.1349484258897669
4600,0.1125645035209751
4601,0.0990923481547247
4602,0.1075247186070662
4603,0.1030424762383617
4604,0.1014668498518561
4605,0.1388270511257299
4606,0.1899562645804499
4607,0.1722545843660404
4608,0.0753161625693135
4609,0.058053858091624805
4610,0.0651150819574777
4611,0.0591324542734288
4612,0.0495712589443968
4613,0.0585745020807815
4614,0.054766052339605104
4615,0.06427297860433209
4616,0.0790757689573432
4617,0.1061650613880306
4618,0.1688731054668917
4619,0.168999230343106
4620,0.138384491086811
4621,0.1395340054678861
4622,0.1699429474509612
4623,0.1006167185069586
4624,0.1249435418293631
4625,0.1357200040201335
4626,0.1098233217990009
4627,0.0839386864945972
4628,0.0941146634565115
4629,0.1564012913675621
4630,0.1636436052045809
4631,0.1269287881499286
4632,0.06782872546790181
4633,0.059471500530240695
4634,0.0643971014486976
4635,0.0605439274454443
4636,0.0496120642502351
4637,0.0542685865474939
4638,0.0532988724269267
4639,0.0646541397630379
4640,0.07047014859401529
4641,0.1010054308097455
4642,0.1633275259437304
4643,0.1636052711309855
4644,0.1381381117095807
4645,0.133685389632284
4646,0.1558758494051548
4647,0.0955964042998631
4648,0.13082570973396818
4649,0.1388045332389944
4650,0.1122420801515581
4651,0.0990408327129357
4652,0.0943133249802713
4653,0.1541891247048175
4654,0.1752652705661402
4655,0.1537312085787503
4656,0.0700107213501658
4657,0.0506972232813504
4658,0.051153804800906
4659,0.0486446102462834
4660,0.0486056909591548
4661,0.0519828113139672
4662,0.0536143057683775
4663,0.06911690086319469
4664,0.0947877884883396
4665,0.1137942747317021
4666,0.1330488162254273
4667,0.1442995289995516
4668,0.121533185172121
4669,0.1545356641809466
4670,0.14917650625743262
4671,0.1314761946876133
4672,0.1078396147739122
4673,0.0992050698257783
4674,0.109922427582932
4675,0.1017363695947784
4676,0.0971822617453299
4677,0.1298990802801142
4678,0.19874126001289438
4679,0.19654533657684709
4680,0.0791890833039814
4681,0.050503279771284396
4682,0.0511558548676095
4683,0.0500983314951829
4684,0.050519981947382
4685,0.0492896955252
4686,0.0521604456149661
4687,0.07557252334724229
4688,0.1033617876309457
4689,0.1176535878995215
4690,0.1340036530357624
4691,0.1369186150055696
4692,0.1141211767759468
4693,0.1523372717557005
4694,0.1532369675092005
4695,0.14554921500528029
4696,0.1170041966647767
4697,0.1027833596474161
4698,0.1147136890644586
4699,0.1033937001542622
4700,0.0958957163212603
4701,0.1333963475563734
4702,0.1736075377545614
4703,0.1635513544995167
4704,0.0734683562495208
4705,0.0518399716249794
4706,0.0508512510396087
4707,0.0479904067413606
4708,0.0488005504322814
4709,0.052052380163448
4710,0.0549962567965102
4711,0.0695813882965994
4712,0.0894526379872215
4713,0.1181673894573169
4714,0.14262253641118972
4715,0.13831597897300202
4716,0.1312536694599089
4717,0.1621447291778621
4718,0.1542121924558654
4719,0.13961421041426592
4720,0.1230943723436904
4721,0.1085544243352405
4722,0.1100135792430115
4723,0.1033640545429457
4724,0.0978922000144045
4725,0.1262612866682211
4726,0.186239574114993
4727,0.18049011800632941
4728,0.0785356248489708
4729,0.0512307554093185
4730,0.050633594009632396
4731,0.0493675451142894
4732,0.048604769737745496
4733,0.0508991547316213
4734,0.055420768124952
4735,0.0698309073977427
4736,0.0954207017515015
4737,0.1074865650136349
4738,0.1362542106035334
4739,0.1399083458201471
4740,0.12527054687130829
4741,0.1467382452611537
4742,0.1551107389007792
4743,0.1290762640589746
4744,0.13022273781846988
4745,0.1111768330453116
4746,0.1013965670430121
4747,0.0973961768269585
4748,0.0988939439153381
4749,0.1375003419929866
4750,0.1804455080499631
4751,0.1734373077892804
4752,0.0732221749725646
4753,0.0522686756347034
4754,0.0523183016848623
4755,0.0491958117894226
4756,0.0508293640238318
4757,0.0513378005711544
4758,0.0527584348358926
4759,0.0732647785785651
4760,0.0985356769752582
4761,0.1160965011783234
4762,0.1331277971521286
4763,0.1293361659571439
4764,0.1275809464202483
4765,0.1490902515899017
4766,0.13945765446079328
4767,0.13256011122949352
4768,0.1135530747147305
4769,0.09770809650581509
4770,0.1175188123651137
4771,0.1002862985491331
4772,0.0979658575690118
4773,0.1278259345669951
4774,0.1770682577383241
4775,0.1910293887729426
4776,0.0804201361766145
4777,0.0566563426867003
4778,0.0628061595235674
4779,0.059686260176916
4780,0.0503148068505481
4781,0.0599128267316566
4782,0.057036559298921
4783,0.061358128989184205
4784,0.0755639846616585
4785,0.1091092837189549
4786,0.1667974374291043
4787,0.1657557977030357
4788,0.1374745573191551
4789,0.1357370832312457
4790,0.1589506979773436
4791,0.102407919021429
4792,0.1276861158482808
4793,0.1495630506348593
4794,0.1156925565822629
4795,0.0933633162885172
4796,0.0978361850525231
4797,0.1560284400507873
4798,0.1612533311516599
4799,0.1442160471921292
4800,0.0705011459010345
4801,0.06350521554914029
4802,0.0705310684989027
4803,0.0638063855690741
4804,0.050809926521214
4805,0.0606948740119188
4806,0.0561740957031613
4807,0.0646855851757374
4808,0.07344047866166831
4809,0.1068315288244111
4810,0.1685200979325621
4811,0.1645527933993616
4812,0.1348493058819267
4813,0.13075363985177818
4814,0.1688995044986595
4815,0.1021552683326856
4816,0.125973307898573
4817,0.1432631395865718
4818,0.1182260292209529
4819,0.09485199933674471
4820,0.093540403748576
4821,0.1565598997676681
4822,0.1757927305312729
4823,0.1504342577193506
4824,0.065065273603563
4825,0.050407764001779
4826,0.0507480686051732
4827,0.0493519692435737
4828,0.0493879517567833
4829,0.0501109415417961
4830,0.0524689549955423
4831,0.0696078153340921
4832,0.0913550941822828
4833,0.1151034029291392
4834,0.14448523039932099
4835,0.14635070234186132
4836,0.1276539981003169
4837,0.1553189117148352
4838,0.1459313411862944
4839,0.1355728508937731
4840,0.1191766790495275
4841,0.1081803007569781
4842,0.11321900605679319
4843,0.1014860825027701
4844,0.1007827477290555
4845,0.13454585695806182
4846,0.1880589525939842
4847,0.1687282467175721
4848,0.0713874744731561
4849,0.0541443206196228
4850,0.051658421211372096
4851,0.0497700014691347
4852,0.049173483340684596
4853,0.0496659827081605
4854,0.053619400180929
4855,0.0723833070425481
4856,0.0934620587702471
4857,0.1176623819338624
4858,0.1405688977479941
4859,0.14627444199609269
4860,0.1259799017408681
4861,0.1507261260522347
4862,0.1568111989194444
4863,0.1358076507568117
4864,0.1116476539140069
4865,0.0988656720044444
4866,0.1019693180382432
4867,0.09643875188588799
4868,0.10970762219587721
4869,0.1417910821347212
4870,0.2048827542278145
4871,0.1779329025444883
4872,0.0737720325189839
4873,0.0517583430644781
4874,0.0524542080911304
4875,0.0502047352306163
4876,0.0494685702021767
4877,0.0524329137377476
4878,0.0541088497468459
4879,0.0693527869068907
4880,0.0977903679173549
4881,0.11175379678397951
4882,0.1352166053980002
4883,0.1459705200555618
4884,0.1347276417207628
4885,0.1406704251004601
4886,0.1458351173984238
4887,0.12390128596672861
4888,0.1163554959507514
4889,0.099311928542342
4890,0.1057814004918698
4891,0.1027429658189411
4892,0.1039888630592758
4893,0.134362289709084
4894,0.1857493960266127
4895,0.1764422877565039
4896,0.0743413120405008
4897,0.0529590090785772
4898,0.054081963619148896
4899,0.049233436349540596
4900,0.049954251215433995
4901,0.0528435864793766
4902,0.0503538775331268
4903,0.0714550381198568
4904,0.0970583856479825
4905,0.1191620577212134
4906,0.135110516066417
4907,0.1402522081676129
4908,0.1275991610667909
4909,0.1523268217822805
4910,0.15661471542599098
4911,0.1337298680834258
4912,0.11952405173039819
4913,0.1066932957219854
4914,0.1089645831774593
4915,0.0997154310005272
4916,0.0996954976428782
4917,0.1266408084477641
4918,0.1802394596357863
4919,0.1929188802693674
4920,0.0825827636793719
4921,0.053317807663355296
4922,0.052749018275309395
4923,0.0509068904258618
4924,0.0490613157470345
4925,0.0489721972164947
4926,0.056046491016675797
4927,0.0718136595064991
4928,0.09117489823339381
4929,0.11516873041200859
4930,0.134536924824681
4931,0.14041066870393432
4932,0.1261512247979847
4933,0.15185068415704328
4934,0.1376219764804841
4935,0.1378912444572044
4936,0.1114782150464718
4937,0.1024917056019581
4938,0.1010271603119354
4939,0.0958338465818165
4940,0.09889063299723941
4941,0.1345755426776522
4942,0.1847711897583072
4943,0.1802462839640236
4944,0.07921042468555341
4945,0.0628481960115996
4946,0.0635106044566037
4947,0.0584388358766182
4948,0.051285826454191205
4949,0.0599942298776857
4950,0.0574006141172091
4951,0.06394484405908679
4952,0.0770546276944016
4953,0.1119150289167268
4954,0.1677351957844735
4955,0.1550971149470664
4956,0.13657745462655502
4957,0.138903716029498
4958,0.1592240887366933
4959,0.1010509532741351
4960,0.1264903182224334
4961,0.1345153323844241
4962,0.1164235800252785
4963,0.0891026198583459
4964,0.0963913196643497
4965,0.1456892834972789
4966,0.1734617830900466
4967,0.1550412493545787
4968,0.0672558839660444
4969,0.0601652752995679
4970,0.06658132947324791
4971,0.061673865253632
4972,0.049562506751592
4973,0.0563071151836967
4974,0.0557061216830672
4975,0.064451741735245
4976,0.07931933303539901
4977,0.1025064360526373
4978,0.1707919243849357
4979,0.16009847414751321
4980,0.1408734497148528
4981,0.1468599420580383
4982,0.1631280723608499
4983,0.1025045069178232
4984,0.1247563838460298
4985,0.1344930753857116
4986,0.11801568841158819
4987,0.0969053357969493
4988,0.0988870433841473
4989,0.1534556866561187
4990,0.1926561393802958
4991,0.1531849716256298
4992,0.0686986483330073
4993,0.0532064818562441
4994,0.0520323278922969
4995,0.048189273857929496
4996,0.0485478198191873
4997,0.0515470366804911
4998,0.0559548344179579
4999,0.0710352746110903
5000,0.0945492850200496
5001,0.1118774676863558
5002,0.1317215893031112
5003,0.1424389138911371
5004,0.12445295125616751
5005,0.1521824551313336
5006,0.1529217825096324
5007,0.1254218805763753
5008,0.1137527416529159
5009,0.1074052561447471
5010,0.1128798864648849
5011,0.1043438619459306
5012,0.0986087435532025
5013,0.1243407506871198
5014,0.173480032203367
5015,0.1767409580234903
5016,0.0733479401844102
5017,0.0514410548310998
5018,0.0499621220810049
5019,0.0494868636913482
5020,0.0497452793069798
5021,0.0496415665173325
5022,0.054217554046663896
5023,0.07290085583426009
5024,0.09505978062153769
5025,0.1154210046600268
5026,0.1400743284683858
5027,0.1556446462335327
5028,0.11485017028270089
5029,0.1524945661162404
5030,0.1494212000257689
5031,0.1301037276247325
5032,0.115453644037343
5033,0.10313941685918379
5034,0.10834072719527521
5035,0.1030512585728668
5036,0.09801997889150349
5037,0.140023936428229
5038,0.1875208634808438
5039,0.1778661609032298
5040,0.0780669245096947
5041,0.0530597225242914
5042,0.051862671687532697
5043,0.0508500368621533
5044,0.048532446910365595
5045,0.0492997679053268
5046,0.0546138514053323
5047,0.0738433211365903
5048,0.0953480865614017
5049,0.109631127547739
5050,0.1398850642813742
5051,0.1452377122925609
5052,0.1247276936912799
5053,0.14801336502770052
5054,0.1462506666266873
5055,0.1321572120032266
5056,0.1169234951303443
5057,0.1001440066954459
5058,0.1083654129931521
5059,0.1059916459449992
5060,0.0997995288840547
5061,0.12216785528462171
5062,0.18182468735381468
5063,0.1902106059828696
5064,0.0760720081913983
5065,0.0523251105823864
5066,0.0518352916211724
5067,0.0490646132019214
5068,0.0478456076210598
5069,0.0510696456022473
5070,0.055715911770756
5071,0.0727874408388505
5072,0.0983459384460407
5073,0.1164347475613156
5074,0.1403855129826144
5075,0.1473098807315599
5076,0.1228288595021898
5077,0.1512646755362413
5078,0.1505460357067248
5079,0.1269581322739206
5080,0.12159420062601059
5081,0.1005460848630336
5082,0.1043392767294784
5083,0.0983959361544981
5084,0.0995261766947996
5085,0.1334424618636374
5086,0.1883808256082932
5087,0.1891045744992477
5088,0.0746410616055828
5089,0.0525479502481115
5090,0.0517947060701174
5091,0.049209013175749
5092,0.0483211834493442
5093,0.0508376104950925
5094,0.0523090130778917
5095,0.0708998786848266
5096,0.0991809823645485
5097,0.1174632253769599
5098,0.1503632993590186
5099,0.1504837452395259
5100,0.1294424289710519
5101,0.1527950554459393
5102,0.1495484003364621
5103,0.1326300314211555
5104,0.1115650651769645
5105,0.0993666617411498
5106,0.1040321689303497
5107,0.09589194964818859
5108,0.1030279194306721
5109,0.1400589306449729
5110,0.1812078262603513
5111,0.1692314529443529
5112,0.0725797962519987
5113,0.0553355595485509
5114,0.060186400105634
5115,0.0583053878555546
5116,0.0491397554401144
5117,0.0581202298384192
5118,0.0567354761831806
5119,0.0659301375945553
5120,0.0784624555783153
5121,0.10733779380478531
5122,0.1706445030866555
5123,0.163093578356325
5124,0.1326600788795413
5125,0.1423022039054089
5126,0.1805505227872344
5127,0.0948153480107468
5128,0.123717746603965
5129,0.14263297015886262
5130,0.12234972350133069
5131,0.08740485449274919
5132,0.09567147896936151
5133,0.1545866685004427
5134,0.1582219494712046
5135,0.1391242296579639
5136,0.0683859571734792
5137,0.0608298375068092
5138,0.0641343289112978
5139,0.060741578087739
5140,0.051699632553141
5141,0.058793716112084
5142,0.053041295152352896
5143,0.0621948248559991
5144,0.0772732082172242
5145,0.1009101260257569
5146,0.1735361750303389
5147,0.1706221563818707
5148,0.1417205547736139
5149,0.13248072346891832
5150,0.1583983355253282
5151,0.0996640470828007
5152,0.1346702840000259
5153,0.13887434755906058
5154,0.1121681951707394
5155,0.09612452997756911
5156,0.1008982759242231
5157,0.1541543029021411
5158,0.1849895766134652
5159,0.1468653177038148
5160,0.0669608019850632
5161,0.050548102293865596
5162,0.0515793713786261
5163,0.0496393805450547
5164,0.0487409440159288
5165,0.0499593188477233
5166,0.0543208231486816
5167,0.0734925811704994
5168,0.094191720920103
5169,0.1120147488936067
5170,0.1358650147336785
5171,0.1448005150657019
5172,0.1204350756286894
5173,0.1559639832124153
5174,0.1475831823010511
5175,0.1373555911036607
5176,0.1224894274622364
5177,0.1001185790194704
5178,0.1050016945498201
5179,0.1018897088011235
5180,0.0934398474311268
5181,0.1410719845496558
5182,0.1829134972378189
5183,0.17033338031836878
5184,0.0746182818152487
5185,0.0505248908132603
5186,0.0523331505593692
5187,0.0488680356432875
5188,0.0495242689260346
5189,0.0506287983212705
5190,0.0543754091656528
5191,0.0681632808560749
5192,0.0918495323282078
5193,0.1145410201049181
5194,0.1400585983858754
5195,0.1503423622585891
5196,0.12259694964607959
5197,0.1522450092394789
5198,0.1376201821551156
5199,0.1228908389833059
5200,0.1139116406565915
5201,0.1040870286866551
5202,0.097582796751359
5203,0.1015216613844569
5204,0.0996900205181452
5205,0.13282789028583308
5206,0.1846915119723918
5207,0.181108288951282
5208,0.0774655557666061
5209,0.0514783223959581
5210,0.051378293778439
5211,0.0486564813444581
5212,0.0491460602960552
5213,0.0517781328572324
5214,0.054761810030417704
5215,0.0771678651124911
5216,0.0964615330422386
5217,0.114287922810856
5218,0.1427138241839335
5219,0.15422785226554758
5220,0.1250273535511018
5221,0.1463310769788108
5222,0.1447380018941514
5223,0.1333034260798485
5224,0.114047476361885
5225,0.1000924875351409
5226,0.1054334695257011
5227,0.0952678037881718
5228,0.1031179115328397
5229,0.1351095566391278
5230,0.1926985148821514
5231,0.1827350824754433
5232,0.07712833762277241
5233,0.0518267048916955
5234,0.0519795739613143
5235,0.0482983228814812
5236,0.050118391833627
5237,0.0520209741864618
5238,0.0550168266368372
5239,0.0734002476425738
5240,0.0926297820168809
5241,0.1173274950461796
5242,0.1405861013960491
5243,0.1379139676445705
5244,0.1196262929665732
5245,0.15379423946702842
5246,0.1564032481737908
5247,0.1415815614454151
5248,0.11408789479289749
5249,0.101782341903002
5250,0.10953143347000491
5251,0.0954013557619272
5252,0.103208266349959
5253,0.1370096007067859
5254,0.1903032214353618
5255,0.1765565446092913
5256,0.0726695483244421
5257,0.0528932613170182
5258,0.0502782276311663
5259,0.0488290747226064
5260,0.0504450010191032
5261,0.0510538751830077
5262,0.0531231389191762
5263,0.07409324254225749
5264,0.095634130951774
5265,0.109574149318267
5266,0.1317832913979033
5267,0.1440061006350514
5268,0.1335689610721619
5269,0.1476028176893054
5270,0.1454361203584665
5271,0.1414862918885164
5272,0.1194983974092005
5273,0.09811730478590319
5274,0.1053850464089665
5275,0.0969928336884829
5276,0.0969812650901873
5277,0.1289603910318871
5278,0.1909187192373383
5279,0.17932549686569832
5280,0.0782311782217083
5281,0.0545461328612088
5282,0.0627945325452273
5283,0.0629053912253439
5284,0.0498911116511441
5285,0.0585281897751989
5286,0.0584487074799204
5287,0.0669389415414183
5288,0.07654890237509271
5289,0.09942977435408801
5290,0.1760653097177377
5291,0.1585600199987122
5292,0.1436177916511504
5293,0.1401539868728066
5294,0.1619982043729764
5295,0.0974568432056739
5296,0.122957796377229
5297,0.1273982262776649
5298,0.1159138623995277
5299,0.0956613330107665
5300,0.09333157766219
5301,0.15192309424125772
5302,0.1809468209199819
5303,0.14511307523585878
5304,0.0612858581035376
5305,0.0636641697697737
5306,0.0665398415432496
5307,0.062270512324094696
5308,0.049966526630870096
5309,0.056444021638417
5310,0.052958742501126796
5311,0.061904889611794606
5312,0.07720050350379801
5313,0.1124285612466202
5314,0.1761214429803353
5315,0.1687036053042634
5316,0.1411543384758402
5317,0.1360254367069088
5318,0.157129196881667
5319,0.0994294320292646
5320,0.1216814349141856
5321,0.1365385251930337
5322,0.1173636202422287
5323,0.0957758344114883
5324,0.0979613523295158
5325,0.1580324693144085
5326,0.1623534466003649
5327,0.15379591638402929
5328,0.0704004302882353
5329,0.0488381984475733
5330,0.04918924708879
5331,0.0512753349389996
5332,0.0487120157075515
5333,0.0474495054354195
5334,0.053082085237806304
5335,0.0721849798494951
5336,0.0911547573582956
5337,0.106680457929988
5338,0.148276470414402
5339,0.1500752484652699
5340,0.1253861592001344
5341,0.1530821121419923
5342,0.1495715999963948
5343,0.12951469729716839
5344,0.1168234224252656
5345,0.1020441816001382
5346,0.1064264015964285
5347,0.096849679772517
5348,0.09461565230337701
5349,0.1415629794267732
5350,0.2053960385149143
5351,0.18793865264842718
5352,0.0695409322883114
5353,0.0517882854094971
5354,0.0531775735133559
5355,0.046714603855682
5356,0.0477423003662465
5357,0.0534979028277698
5358,0.0564289132193769
5359,0.0692792945788692
5360,0.09377748300842831
5361,0.1129977749778219
5362,0.1442028906164853
5363,0.14444833662321022
5364,0.11536410148749429
5365,0.1581123720704661
5366,0.15022568894759042
5367,0.1364512712608975
5368,0.1111686322360576
5369,0.0998648933172269
5370,0.1079493106133327
5371,0.10348108608295489
5372,0.1044478956320667
5373,0.1360689676302655
5374,0.1938379138112452
5375,0.1903966888847867
5376,0.0765471190457618
5377,0.051615827965732
5378,0.0518632365605103
5379,0.050376851307807
5380,0.0505053144955187
5381,0.0498796608766676
5382,0.0539974896419498
5383,0.0736271484921942
5384,0.09847124225970161
5385,0.1134703262796095
5386,0.13604115614508588
5387,0.1329195114714862
5388,0.1202260299761297
5389,0.1498912122496609
5390,0.1463819510562298
5391,0.1383632221046155
5392,0.1164637903912311
5393,0.1021033423801302
5394,0.1073888833941326
5395,0.100217196812251
5396,0.09353531847526711
5397,0.142049683199041
5398,0.1939425688150676
5399,0.1894854927434131
5400,0.0794307990738581
5401,0.0512004613556333
5402,0.0549771815316931
5403,0.0484001830285396
5404,0.0497549387118953
5405,0.0521040147962031
5406,0.0542664397574713
5407,0.0696535345513504
5408,0.0980496071896951
5409,0.10969530377132719
5410,0.132985966363114
5411,0.137627912336758
5412,0.11923228058351559
5413,0.1598310242358045
5414,0.1522011371293875
5415,0.1361428389601764
5416,0.12073612709211
5417,0.1044996131567657
5418,0.1023745650947967
5419,0.0991763267677879
5420,0.10473181616288199
5421,0.128800997385454
5422,0.1881111373000392
5423,0.1819075342594855
5424,0.0777076022395784
5425,0.0499800037414659
5426,0.0505479188766492
5427,0.0498251075726776
5428,0.0493485160917495
5429,0.0492089622152707
5430,0.0508039955878635
5431,0.0725785204919411
5432,0.0977467892166866
5433,0.1076829727436569
5434,0.13550789447440992
5435,0.1523043883568142
5436,0.1209185920473375
5437,0.1551605094916416
5438,0.1468028010614952
5439,0.1353067594464278
5440,0.1125541400786881
5441,0.1016590847515764
5442,0.0945149258024843
5443,0.0919753819640572
5444,0.1008354917961206
5445,0.1403230548550831
5446,0.184211093024871
5447,0.1834959917710993
5448,0.0740805125256095
5449,0.0605830955819941
5450,0.0628548061425445
5451,0.0612333858392645
5452,0.0509816889760366
5453,0.0589318226448083
5454,0.056081453797053996
5455,0.063811687533516
5456,0.0773200721976389
5457,0.1132989760709233
5458,0.1669726798384683
5459,0.1676435653684794
5460,0.1430443985613569
5461,0.1457245149061237
5462,0.1661366457314932
5463,0.0939130566575086
5464,0.127580422810846
5465,0.1319224225410045
5466,0.1071925887051117
5467,0.0937517228937948
5468,0.1029425368147141
5469,0.1651707337170984
5470,0.1742709070329049
5471,0.1444009722838553
5472,0.0694325751356602
5473,0.0573773158422367
5474,0.0582589582423182
5475,0.0555963238258368
5476,0.0493007821100029
5477,0.059672345819227396
5478,0.0567425650425902
5479,0.0636713198118157
5480,0.0743045787041609
5481,0.1107194084890818
5482,0.1650748598889868
5483,0.1768155193291813
5484,0.1476547754503152
5485,0.1324254374713552
5486,0.1553269958989161
5487,0.0935137802432959
5488,0.1267787261451375
5489,0.1488633310629161
5490,0.1198238256595755
5491,0.0872715420963932
5492,0.0932544745689654
5493,0.1705335990112769
5494,0.1798840916671536
5495,0.1571493815206603
5496,0.0738328445386755
5497,0.052532108749915304
5498,0.0513526078291204
5499,0.0482031480965247
5500,0.049531669260300504
5501,0.052061971491546
5502,0.0525681533260718
5503,0.071714493104809
5504,0.09582154480061769
5505,0.117648256076929
5506,0.1446691262062734
5507,0.1468647894294764
5508,0.1296111582832683
5509,0.144635547309777
5510,0.1487328063768409
5511,0.1434093975065397
5512,0.1203533930597898
5513,0.108432527376954
5514,0.112943373974475
5515,0.1019933122739668
5516,0.0995143656896219
5517,0.1339215940319565
5518,0.1741706028381555
5519,0.1823045838603511
5520,0.08000368233777219
5521,0.0523784525651193
5522,0.0539411074164655
5523,0.0505585330578424
5524,0.048557719537376
5525,0.0512639994309041
5526,0.058310143901262
5527,0.069451034984007
5528,0.0974669428395504
5529,0.1193116538756412
5530,0.1387761077786948
5531,0.1438096547089318
5532,0.1223081193062375
5533,0.1460591789728965
5534,0.13734270684188998
5535,0.1228381431940664
5536,0.1071952840300513
5537,0.1083627128391243
5538,0.1076474209874003
5539,0.0926222962937514
5540,0.0935550744591422
5541,0.1354178909454339
5542,0.1915096894948338
5543,0.17862203171932062
5544,0.0780170003038526
5545,0.0512630667779243
5546,0.0513948260119066
5547,0.049283795630143595
5548,0.0495060467717902
5549,0.0530460250777349
5550,0.0538069984403686
5551,0.072494021071093
5552,0.0963149146998114
5553,0.1124514285378318
5554,0.13625117625173438
5555,0.1435553281735115
5556,0.1138895417565521
5557,0.1474305437680664
5558,0.1406263021124189
5559,0.1387785371750131
5560,0.1199394506757755
5561,0.10410943596348769
5562,0.1126904332664592
5563,0.1053676381231283
5564,0.1006997391278859
5565,0.13760780466241068
5566,0.1879945753478694
5567,0.18513802966536042
5568,0.0744713209210509
5569,0.0514966047900559
5570,0.0515584783334562
5571,0.0498899836235934
5572,0.0494170246029804
5573,0.0506245934116817
5574,0.0548112130827226
5575,0.0681330981360239
5576,0.09595139040993769
5577,0.1109650429272442
5578,0.13744507936440958
5579,0.14440563639233178
5580,0.13371874559494729
5581,0.1604068351405723
5582,0.1554230938061555
5583,0.1381753916463051
5584,0.1098455176013245
5585,0.0941868605203712
5586,0.0979383212516206
5587,0.0997355781255105
5588,0.0995787111566169
5589,0.131711000811693
5590,0.1823450732683412
5591,0.173900084687131
5592,0.0758067502275541
5593,0.0505164099023908
5594,0.0514573924063592
5595,0.0504525216471836
5596,0.0512060987600997
5597,0.049864003087767
5598,0.052419661384425595
5599,0.0726452979304564
5600,0.1016813544771143
5601,0.1092266612225774
5602,0.1339917465614365
5603,0.1375456119652962
5604,0.1212581691941914
5605,0.1467771024269252
5606,0.1551156056572223
5607,0.13163912198436128
5608,0.1134932837828243
5609,0.1058480179774416
5610,0.1112636447945123
5611,0.1033368864734652
5612,0.1046837631611999
5613,0.1268511493680856
5614,0.1875539068782676
5615,0.1878484177742083
5616,0.0784947171191767
5617,0.062363867159234
5618,0.0687869289152048
5619,0.06046877356469921
5620,0.0499742468039847
5621,0.061150413417376495
5622,0.0573560544875149
5623,0.0666320803547066
5624,0.07594616782458
5625,0.1061287698497628
5626,0.1697929589513936
5627,0.1588432157348652
5628,0.13824930811706398
5629,0.1345367065992314
5630,0.160836299247379
5631,0.1009776989232621
5632,0.1233943246953429
5633,0.1417072413349196
5634,0.1134605672283627
5635,0.0918452353040238
5636,0.10276696854406109
5637,0.151719854743552
5638,0.17427596690697378
5639,0.15193933025890322
5640,0.0680686094194775
5641,0.0655181652429102
5642,0.0685316937237264
5643,0.0571750463812959
5644,0.0498076920054773
5645,0.0579172796394776
5646,0.0544463111176592
5647,0.0687450668200528
5648,0.08174522057237629
5649,0.1009553372802743
5650,0.16456187114025062
5651,0.1689440209769866
5652,0.14536244883788801
5653,0.1323558517618616
5654,0.1621193006850094
5655,0.0973553476613602
5656,0.123855399149006
5657,0.1361226701602931
5658,0.1180330476373897
5659,0.0955985021198956
5660,0.0963287723188937
5661,0.1573992075527324
5662,0.16559342296404
5663,0.1440677983171621
5664,0.0687479792376849
5665,0.0499509458650597
5666,0.0528735408990699
5667,0.0499089796296918
5668,0.049565111412851304
5669,0.0488737094258168
5670,0.0544134420884912
5671,0.0727856800297025
5672,0.0979674811244214
5673,0.104423713707904
5674,0.1347812763706907
5675,0.1468014901185803
5676,0.123746286788465
5677,0.1387330649998352
5678,0.1502684578248642
5679,0.1411489874264703
5680,0.1165256774046963
5681,0.1010754652015389
5682,0.1055682623178581
5683,0.1000827556194646
5684,0.0946842047637644
5685,0.1437414387607352
5686,0.2007070496021096
5687,0.19244928416478851
5688,0.07870964085901799
5689,0.0508628623223862
5690,0.0496688618987596
5691,0.0491530759604041
5692,0.0494431349096534
5693,0.0505012808334774
5694,0.0532438835473279
5695,0.0722654116943056
5696,0.0955029992539651
5697,0.1065993845511542
5698,0.1321506686495062
5699,0.1518649414145249
5700,0.1328083298302902
5701,0.1446906943894585
5702,0.138965534250018
5703,0.131682610282316
5704,0.1050167427310122
5705,0.0966541036983629
5706,0.10992382771092091
5707,0.099937976994983
5708,0.0958023498932966
5709,0.1466044616153841
5710,0.1928758513317095
5711,0.1871954434407079
5712,0.0741508946375585
5713,0.0511635156672407
5714,0.0522326235538989
5715,0.049110029062865
5716,0.0486963175757021
5717,0.0513997509144729
5718,0.0525729170519016
5719,0.0696134325257011
5720,0.09480839054487131
5721,0.1116261281294672
5722,0.1378636220543533
5723,0.1567843309533584
5724,0.1339020450455795
5725,0.1545342167774765
5726,0.1447777263536846
5727,0.1405784073858893
5728,0.1137404896231198
5729,0.1022683525219745
5730,0.1114985216250369
5731,0.100799065440065
5732,0.10399552152769401
5733,0.1321819244315101
5734,0.1783981193882204
5735,0.1774323611719525
5736,0.0766948525974518
5737,0.0516344231142566
5738,0.0513662621396081
5739,0.0491072181363332
5740,0.0495402362751409
5741,0.0533142751457081
5742,0.0523321066162294
5743,0.0713557188668834
5744,0.0954638286151791
5745,0.1059838695100238
5746,0.1403140982207118
5747,0.148752973917534
5748,0.1241248191948299
5749,0.1495329028110623
5750,0.1423361582656317
5751,0.13280433229882088
5752,0.1173897462801544
5753,0.1001724120986307
5754,0.09261388050567079
5755,0.09029531014165809
5756,0.0973629697212615
5757,0.1385789418570249
5758,0.1850983224419805
5759,0.1846629340259763
5760,0.0752200984866868
5761,0.0508399156017819
5762,0.0511515928979807
5763,0.0501962350773219
5764,0.0494653011721594
5765,0.0490760305106879
5766,0.0538217655468818
5767,0.0665204717850119
5768,0.0940656371052026
5769,0.1253723645199326
5770,0.1482788997083084
5771,0.1381913804490395
5772,0.1182389083167639
5773,0.1468502925521464
5774,0.15390755009842919
5775,0.1277121612141387
5776,0.1142119797889664
5777,0.1053742423603333
5778,0.1040382046295124
5779,0.1015975324423465
5780,0.10792032720741279
5781,0.1365981749613193
5782,0.1877168513156478
5783,0.17353114312467172
5784,0.0718707345002162
5785,0.0626493908736715
5786,0.0661225026673382
5787,0.0600942874733334
5788,0.050186619789947796
5789,0.057677225052976996
5790,0.058764753914448103
5791,0.0642347086171858
5792,0.07648133315541
5793,0.1122088581362972
5794,0.1739731326833902
5795,0.1588237931217987
5796,0.13377531190763792
5797,0.1375302295074359
5798,0.1649446765831648
5799,0.09745458050400929
5800,0.1281059077207751
5801,0.1382613935676327
5802,0.1167440038797788
5803,0.0967968606529204
5804,0.0965694264443272
5805,0.1466439995197937
5806,0.1802616308419004
5807,0.15721140683141901
5808,0.0723103993505833
5809,0.0589008564623541
5810,0.0650726497036142
5811,0.060878775081909496
5812,0.0518500259923719
5813,0.0574275045128052
5814,0.054990889064304
5815,0.0656352073384483
5816,0.0788646079199235
5817,0.11330716614036129
5818,0.1685216059049254
5819,0.16492921210109068
5820,0.1343328077337085
5821,0.1403465003314704
5822,0.1768993225216726
5823,0.0989096627333415
5824,0.1265559881702383
5825,0.13478763164426572
5826,0.113262487919011
5827,0.09538768946018769
5828,0.0934964943179581
5829,0.1499954567283602
5830,0.1816028585182839
5831,0.1434057149731328
5832,0.0698774404570925
5833,0.0510872002219874
5834,0.0517122605105204
5835,0.0484902891568917
5836,0.0490125149517902
5837,0.0501534383950001
5838,0.0548505061977114
5839,0.07272736374450911
5840,0.1005060137738379
5841,0.1201060460378308
5842,0.1364979974303257
5843,0.1434586023122315
5844,0.1219508158742368
5845,0.1592846034996506
5846,0.1487477590773114
5847,0.1352948129760904
5848,0.10386136461512491
5849,0.1021508051482687
5850,0.1066543822037664
5851,0.094805277031344
5852,0.1010665744614889
5853,0.1312025488004963
5854,0.1714641084707485
5855,0.1724216072375615
5856,0.0798621662209511
5857,0.0519835039318604
5858,0.0512406343683316
5859,0.0506711486583712
5860,0.0485429549187813
5861,0.0490683381042695
5862,0.0535581466359393
5863,0.0741795147935422
5864,0.0957460677496066
5865,0.1161681927173404
5866,0.1441659271701101
5867,0.1436372627508114
5868,0.1254238802792996
5869,0.1543236513102525
5870,0.1399935649032536
5871,0.1460177295506269
5872,0.1190128404416916
5873,0.1063952878173269
5874,0.103532851850414
5875,0.0936462817414785
5876,0.09838826621940369
5877,0.1345950751600407
5878,0.19791961905751848
5879,0.182479316490499
5880,0.0722221549686837
5881,0.052330201441803295
5882,0.0523335062915661
5883,0.048898708429298
5884,0.0482987444088867
5885,0.050600025922356295
5886,0.0544997360313827
5887,0.0734026618383449
5888,0.09786026377900439
5889,0.11634885335704451
5890,0.1404452277189959
5891,0.1452829367124434
5892,0.1233538767968696
5893,0.1494768037879185
5894,0.1475021134960509
5895,0.1239208398453163
5896,0.114947076586279
5897,0.1043089833156453
5898,0.1095187483978593
5899,0.1068805241795969
5900,0.1011658984647006
5901,0.1417612297979601
5902,0.1904792806218331
5903,0.199304803867759
5904,0.0799422279996968
5905,0.053255694782823895
5906,0.0504366488811494
5907,0.0501337296167592
5908,0.0508895380855688
5909,0.050377994074894905
5910,0.0524326841468271
5911,0.0762778592801848
5912,0.0938551048038832
5913,0.1130948594777873
5914,0.1461766572637603
5915,0.1473150097438177
5916,0.1246450138048379
5917,0.152334549895321
5918,0.1351336299388794
5919,0.1342133656213308
5920,0.12529210787484152
5921,0.1128056231668723
5922,0.1015266512756014
5923,0.0911850217272971
5924,0.09820646962239571
5925,0.1344196763170941
5926,0.1800881560346796
5927,0.1721242973356453
5928,0.076742252081673
5929,0.0505314623030908
5930,0.0522008370132066
5931,0.0507752454973902
5932,0.048717667331918804
5933,0.0504751990130047
5934,0.053477638539484
5935,0.07001953600780919
5936,0.0934551023579348
5937,0.1141841594286111
5938,0.13376332073233238
5939,0.13021116895421642
5940,0.1251582122532145
5941,0.1508280086027835
5942,0.1427863778573672
5943,0.1437785131234588
5944,0.12021289269208961
5945,0.1048816448810656
5946,0.111709598923775
5947,0.1027434523560082
5948,0.099921888422507
5949,0.13752502275916328
5950,0.1836637964755218
5951,0.171833611151107
5952,0.0769739972365378
5953,0.0624203386198523
5954,0.0660873571647316
5955,0.059074760196166295
5956,0.050820370378529
5957,0.0576520600330786
5958,0.054356075957341404
5959,0.0619461541221306
5960,0.0751025869409432
5961,0.11057539591981741
5962,0.1702869009398356
5963,0.15920812925054229
5964,0.1436415991103012
5965,0.1286736797774777
5966,0.1630715541199373
5967,0.1001315488405892
5968,0.1320113669382723
5969,0.1434277261737804
5970,0.1132279743586742
5971,0.0894268348455339
5972,0.0961566888615851
5973,0.1518110496921214
5974,0.1723652023179186
5975,0.15120776479657239
5976,0.07732996929675401
5977,0.0633734690705631
5978,0.0670566159458694
5979,0.061340836035807804
5980,0.0502132847231082
5981,0.0575621013804838
5982,0.0551942493907287
5983,0.06474205328105201
5984,0.0757706390635046
5985,0.104328107341381
5986,0.17141733448956348
5987,0.16588861491710388
5988,0.14420930048784758
5989,0.143108067609928
5990,0.17251348487354862
5991,0.10291670065523001
5992,0.137167047448916
5993,0.135617479768001
5994,0.10934506495843299
5995,0.0922566184242953
5996,0.098171188113509
5997,0.15187638373176648
5998,0.1756824860593022
5999,0.15283729431502568
6000,0.067341904707968
6001,0.0514959772516832
6002,0.0534472451987116
6003,0.0500472462356811
6004,0.047945272032988
6005,0.0500203549574875
6006,0.052602180946885
6007,0.0724418809636959
6008,0.1012646955400005
6009,0.1127499387853739
6010,0.14021004358778438
6011,0.1464964000402883
6012,0.1267253006453411
6013,0.1466455069518527
6014,0.1468145113586779
6015,0.1251643462552927
6016,0.1195330443745587
6017,0.1084321106838412
6018,0.107986648224524
6019,0.0944114560354727
6020,0.0990743004747163
6021,0.1395173078547673
6022,0.1847351790096231
6023,0.1776980308432473
6024,0.0771624823167378
6025,0.053514751063516997
6026,0.05345288572323
6027,0.0511864922177387
6028,0.049447652173022896
6029,0.0513198255264643
6030,0.0572517811001788
6031,0.073828029881334
6032,0.0929585720531105
6033,0.1228943915738159
6034,0.145701269874535
6035,0.1429787497227583
6036,0.1317232726960589
6037,0.1463549381451364
6038,0.1415063731408172
6039,0.13349123932795762
6040,0.1101796158601634
6041,0.1050848290154717
6042,0.09902025392303329
6043,0.0936884910628334
6044,0.099263325716388
6045,0.1368333393649253
6046,0.19442767829746588
6047,0.1904737708079915
6048,0.0790937689018184
6049,0.052744624511573704
6050,0.0530931893472993
6051,0.0491857473570088
6052,0.0491071251463078
6053,0.0517167218248337
6054,0.0527048717806325
6055,0.0734611652581221
6056,0.0947947701335373
6057,0.11657816747301761
6058,0.1387434340753826
6059,0.1496166909627208
6060,0.1323416112370991
6061,0.1579261647416575
6062,0.1514905332719984
6063,0.123404653235536
6064,0.1142534814731663
6065,0.1038287255804056
6066,0.10768511177361689
6067,0.1016160800022711
6068,0.10201380045830159
6069,0.1264065190964884
6070,0.1781996679808442
6071,0.1878548288417432
6072,0.0821305394182582
6073,0.051787137525205904
6074,0.0501576448390598
6075,0.050818335993651695
6076,0.05019806796932
6077,0.0493053911683691
6078,0.0529426789910168
6079,0.0740286226526772
6080,0.0962067956507986
6081,0.11787882764558741
6082,0.1445565618387071
6083,0.1503201733751613
6084,0.1224568467945595
6085,0.14053092790990201
6086,0.1446632811463051
6087,0.1274190625890992
6088,0.1177560526688186
6089,0.1044491720496875
6090,0.1143726038940413
6091,0.1038753353242377
6092,0.0961767607174598
6093,0.1356348591383773
6094,0.1902950238749695
6095,0.1844383027231474
6096,0.0779182237319836
6097,0.0552000572458176
6098,0.053490584944907396
6099,0.0491531273377218
6100,0.0487169081452827
6101,0.051271662780541696
6102,0.0532526413425177
6103,0.0697741875583705
6104,0.0925354203958664
6105,0.1171336149102824
6106,0.1361674556549407
6107,0.1392877553068539
6108,0.1217224018533298
6109,0.1456239989534433
6110,0.14866683756779658
6111,0.1332292466536874
6112,0.1126612442870862
6113,0.0980897578434082
6114,0.11081020097073391
6115,0.0930619308677621
6116,0.0942095605528403
6117,0.1419218671721276
6118,0.1896278574785821
6119,0.1880308808443489
6120,0.0830901210065861
6121,0.0629974910059722
6122,0.0655590512754271
6123,0.059116624837175
6124,0.0493057375930979
6125,0.058995678000137705
6126,0.0563938954442583
6127,0.0663584775760207
6128,0.0738669586324943
6129,0.1052256911373151
6130,0.1670449048755914
6131,0.1666056991521491
6132,0.1376191180444958
6133,0.1344114463634292
6134,0.1619959255058079
6135,0.0981021058300558
6136,0.1251599537602966
6137,0.1414239793767976
6138,0.110993053019757
6139,0.0904499700500674
6140,0.0943425413358722
6141,0.158074228201599
6142,0.185507882031605
6143,0.1512506663997844
6144,0.0695631827874867
6145,0.0592390798938375
6146,0.0594146554542831
6147,0.0530247701013513
6148,0.049088954592023996
6149,0.0605730356159719
6150,0.0564586998029276
6151,0.0610180878160137
6152,0.0800937293817499
6153,0.1146624942792693
6154,0.1725882022615941
6155,0.1541788209937244
6156,0.1309859671291978
6157,0.1428668881124464
6158,0.1701144482336017
6159,0.0975661837275586
6160,0.1368345283861945
6161,0.1476760821999057
6162,0.11744732042601219
6163,0.0872671743917866
6164,0.1027327654768975
6165,0.1634371906001091
6166,0.1759872782881431
6167,0.1486483128109699
6168,0.0687332295586513
6169,0.0513930863288366
6170,0.0500150601634399
6171,0.0488101556233745
6172,0.0494979919031444
6173,0.0500792019476264
6174,0.0546353876519838
6175,0.0741046174774746
6176,0.0911938513057787
6177,0.1102801520123361
6178,0.131602199003291
6179,0.1532528426267073
6180,0.1282578598027032
6181,0.1497344097868632
6182,0.1520218025987113
6183,0.1319303893852912
6184,0.1208516264505763
6185,0.1069831866345677
6186,0.1139244725371428
6187,0.1020411243238889
6188,0.097704561361679
6189,0.132252571033731
6190,0.1743414497423781
6191,0.17612506810905698
6192,0.0800162573596101
6193,0.0513065008799997
6194,0.0506926825699786
6195,0.049018365509027696
6196,0.050054766596971396
6197,0.0511806261159983
6198,0.0522515950953964
6199,0.0717753411478242
6200,0.1052589134867852
6201,0.12600076392233361
6202,0.1428284268895094
6203,0.15290640294665758
6204,0.1333397572672873
6205,0.1523041223832251
6206,0.15287467858023351
6207,0.1379771384020299
6208,0.1193914621877552
6209,0.098798375413953
6210,0.0998530524202177
6211,0.0957643768505251
6212,0.0996718626855444
6213,0.1342935996624671
6214,0.1879791242229294
6215,0.1882820610893887
6216,0.0747661879381985
6217,0.050750834755510496
6218,0.0543477613880894
6219,0.0489397691502967
6220,0.0463599646817419
6221,0.0506905979611018
6222,0.0558729652509297
6223,0.07428604159998389
6224,0.09983018401010671
6225,0.1165408668364577
6226,0.1407385377829808
6227,0.1388878793711781
6228,0.12089092285399719
6229,0.1462792480512645
6230,0.14839384563862978
6231,0.13167598392660979
6232,0.1141097808720695
6233,0.0993648242774659
6234,0.1006162864935656
6235,0.0909365851198073
6236,0.1016108933159517
6237,0.1348770066046879
6238,0.18764917740482728
6239,0.1887851440121971
6240,0.0784351898727903
6241,0.0536885048889246
6242,0.0505106145020856
6243,0.0484172805559695
6244,0.049564386745618
6245,0.0487539048006213
6246,0.0527540703621738
6247,0.0729663553743703
6248,0.0922349599217162
6249,0.1115234102334807
6250,0.1449945028562878
6251,0.1472590564180441
6252,0.1200307884609357
6253,0.1532318791626937
6254,0.1419600510517379
6255,0.1261881036016252
6256,0.1164273431850872
6257,0.1025782194754618
6258,0.1146603703081389
6259,0.1014569421725529
6260,0.101043817137715
6261,0.1342398472532659
6262,0.180876685061033
6263,0.17520491358879492
6264,0.0770749916895834
6265,0.0524603444857374
6266,0.0520387988660947
6267,0.0495728364779316
6268,0.0497862694350107
6269,0.0516015100692883
6270,0.053279375159849
6271,0.0716131031283048
6272,0.0938201111391576
6273,0.1063947701347008
6274,0.1343515485325068
6275,0.1493209540629418
6276,0.1280055586830753
6277,0.149021426729405
6278,0.1499164179280351
6279,0.1369873621506642
6280,0.113137475973593
6281,0.0951041189594175
6282,0.10900378188286419
6283,0.0960417206776188
6284,0.1000793270743864
6285,0.1244438484600251
6286,0.201143590314533
6287,0.1881258027595579
6288,0.0752568002782277
6289,0.0600062855048034
6290,0.066042570266537
6291,0.0573812365777616
6292,0.0511074021879896
6293,0.0567405604998636
6294,0.0533977015472697
6295,0.0645907358283947
6296,0.077996786639862
6297,0.1077053818035585
6298,0.1660062952890792
6299,0.1649212384884809
6300,0.140161853425491
6301,0.12663234142342727
6302,0.1482009094957611
6303,0.0974041849898073
6304,0.142190035564862
6305,0.1374676331252675
6306,0.10520058603980739
6307,0.085847614506391
6308,0.0896165854830137
6309,0.1548360238823449
6310,0.1839450451304919
6311,0.1562553970008746
6312,0.071195936605968
6313,0.0616624357917969
6314,0.067859044752423
6315,0.06096065224429
6316,0.0492551931619802
6317,0.061078205405460696
6318,0.058916826230405596
6319,0.0628032915811626
6320,0.0732159325130664
6321,0.1069815443982108
6322,0.1649901799740509
6323,0.1609500449648414
6324,0.1338375684595854
6325,0.1391793760690108
6326,0.1610876161993203
6327,0.0936822027642261
6328,0.1300848308335304
6329,0.1455159727173415
6330,0.1205864036758921
6331,0.0929202141509177
6332,0.0952252701339079
6333,0.15606646246702488
6334,0.176176804762256
6335,0.14017210066261
6336,0.0683270347612785
6337,0.052726816057384
6338,0.0543654965711758
6339,0.0476866853140498
6340,0.0496790892522484
6341,0.050822406655054095
6342,0.0536812611259488
6343,0.0702314465997592
6344,0.0943498853430819
6345,0.108673931307485
6346,0.1325413172554457
6347,0.1509069661994965
6348,0.12442672957306129
6349,0.14825682502013832
6350,0.142926490707164
6351,0.1362464851930334
6352,0.109464812910475
6353,0.10090568076309239
6354,0.1089174815699877
6355,0.0981054975082032
6356,0.0979576525912262
6357,0.13767362414814419
6358,0.1931094429375605
6359,0.17475085070607088
6360,0.0772410479037389
6361,0.051281775450154596
6362,0.0502218870932946
6363,0.0507899012154193
6364,0.0491619248853115
6365,0.0517302581507652
6366,0.0538117531792928
6367,0.068974920245571
6368,0.0984635909823927
6369,0.1132710457413683
6370,0.1556767868845156
6371,0.1394873018741784
6372,0.11497905662157079
6373,0.14034725827878
6374,0.1449329182282101
6375,0.1404295278290835
6376,0.1209439532806398
6377,0.1029107758911377
6378,0.0999961027462133
6379,0.0972904163004525
6380,0.1005139546794663
6381,0.131341343482542
6382,0.1874829415149489
6383,0.189682970719673
6384,0.0820137379111816
6385,0.0502886317101367
6386,0.051765787261462096
6387,0.049456653817247
6388,0.049070154886164896
6389,0.050121252728843
6390,0.0534931617760524
6391,0.0700880166702206
6392,0.0938878141587735
6393,0.1222799663747795
6394,0.1404733843552165
6395,0.1415515855615096
6396,0.1185031085534721
6397,0.1450499023483357
6398,0.1558476992147966
6399,0.1310267885764833
6400,0.1118835864754433
6401,0.1048446447115514
6402,0.101764815440993
6403,0.093829968128738
6404,0.1019475843191993
6405,0.123463472111575
6406,0.1873355780255486
6407,0.1907640727369229
6408,0.07830445726982929
6409,0.0510643279014232
6410,0.0498212710611986
6411,0.0503644020534793
6412,0.050065267453113904
6413,0.0490753640102706
6414,0.0551551280482366
6415,0.0712533703159737
6416,0.0976771098105622
6417,0.10963558167641
6418,0.132437529907352
6419,0.1361841715996373
6420,0.1197179676700989
6421,0.1479200651939784
6422,0.1480361013274791
6423,0.1347697588603631
6424,0.1190439601517744
6425,0.1045793467670644
6426,0.112799873253662
6427,0.1025722764891778
6428,0.1001636828748069
6429,0.1429597343034196
6430,0.1943933707593
6431,0.1724065225268119
6432,0.0747454605995579
6433,0.050982489801218
6434,0.0528340520417001
6435,0.049745860681452904
6436,0.0473980591558405
6437,0.050974109574598
6438,0.0550300277361626
6439,0.07317692274935281
6440,0.0980904262731242
6441,0.1153863184472754
6442,0.1371089646453143
6443,0.1360582594243656
6444,0.1216873976913408
6445,0.15418158481986222
6446,0.1532264620529655
6447,0.1315902310558895
6448,0.1188137601218026
6449,0.1065850685796888
6450,0.1143209616068254
6451,0.1068451168186106
6452,0.0983452800503299
6453,0.1333085119159293
6454,0.1868509898128401
6455,0.1864189773693733
6456,0.0842407538752659
6457,0.0586003630258028
6458,0.061715192594892596
6459,0.0590127293475567
6460,0.0518514328217206
6461,0.0628903401044553
6462,0.0559645544426665
6463,0.0645827212292288
6464,0.0784468829493357
6465,0.1093268459709632
6466,0.1759624073852617
6467,0.1674545337271643
6468,0.14113760403078449
6469,0.1356876274704728
6470,0.1645900630313412
6471,0.1016826845949437
6472,0.1380537554431926
6473,0.1401870253558759
6474,0.11355299334555201
6475,0.0911172081223654
6476,0.0967720456494701
6477,0.15784830849223558
6478,0.1775788644413191
6479,0.14641231512196778
6480,0.0653922773826537
6481,0.0555996906160924
6482,0.056775359365141095
6483,0.0566487674609348
6484,0.050340438174691
6485,0.058392350271794805
6486,0.05758828364979
6487,0.0685137085397355
6488,0.0766540962150123
6489,0.1046498214711752
6490,0.1749972354371988
6491,0.1669800233248812
6492,0.14285539096080868
6493,0.13594642625228862
6494,0.1649522513833367
6495,0.09674057092324789
6496,0.116400662999529
6497,0.1385857045541499
6498,0.1246756147375368
6499,0.091938368540784
6500,0.0966297379642273
6501,0.1653228807852375
6502,0.1745044652381614
6503,0.1340844780326968
6504,0.0655160498876667
6505,0.0521956608300596
6506,0.0521236310321999
6507,0.0494735667081814
6508,0.0496004812908027
6509,0.0507113551426788
6510,0.0517353082737321
6511,0.0679455567077502
6512,0.08992700509458029
6513,0.1157272980373712
6514,0.1406050916215956
6515,0.14402682055625649
6516,0.12372736945015521
6517,0.1482234401509592
6518,0.14263248071631
6519,0.1236785108686305
6520,0.1126907198781496
6521,0.09913180886217471
6522,0.0967602667902612
6523,0.0984733849833243
6524,0.1019241081092102
6525,0.14083093931862561
6526,0.1792576498613885
6527,0.1707906719699389
6528,0.0771246833237143
6529,0.0519706096978378
6530,0.050258788902973896
6531,0.0509254926202201
6532,0.0496729008829905
6533,0.0494648357708583
6534,0.0543595446976703
6535,0.07164290889255259
6536,0.0936945822064209
6537,0.11001436353417629
6538,0.1407307422185374
6539,0.1383978610402573
6540,0.1209057195614839
6541,0.1526433034998736
6542,0.1526131813757958
6543,0.1385315804519876
6544,0.1224751024259725
6545,0.109876662930803
6546,0.10199670357170121
6547,0.0974220347540238
6548,0.10017499030750521
6549,0.1409001736320043
6550,0.1927424507479664
6551,0.1816974457013725
6552,0.07548805680291121
6553,0.0538729292649244
6554,0.0540088112289986
6555,0.047578311345992
6556,0.0506413113537491
6557,0.0516114566484515
6558,0.051138879548570104
6559,0.0678942434209588
6560,0.0993271535106568
6561,0.10883421391560591
6562,0.1263287154837453
6563,0.1423653191198634
6564,0.1314614572507738
6565,0.1464553865409079
6566,0.145746273765388
6567,0.1377586180191116
6568,0.12011537082845669
6569,0.0989817250808028
6570,0.1016473660171804
6571,0.0938471849314806
6572,0.0977310710620973
6573,0.1320311119711439
6574,0.188949417160151
6575,0.1768808593185356
6576,0.0731963539815121
6577,0.0526576192053899
6578,0.0534439792083119
6579,0.0493339523722763
6580,0.0483702451848953
6581,0.050544046342749796
6582,0.0552458225577386
6583,0.0673028165390262
6584,0.0893031996106449
6585,0.11847559355905089
6586,0.1478084158658446
6587,0.14013608319412219
6588,0.1292901671685906
6589,0.150167251434801
6590,0.1521092223034552
6591,0.1325845164403155
6592,0.1189987443818729
6593,0.10274325481580861
6594,0.10261827645360311
6595,0.0986424027741831
6596,0.1013454548548679
6597,0.13651733477043948
6598,0.180799476053631
6599,0.173647702080863
6600,0.0763439595765987
6601,0.051262640315829
6602,0.048877015527573
6603,0.0481678293561244
6604,0.0510735940862903
6605,0.0511426166660549
6606,0.0531466786870779
6607,0.066767940980574
6608,0.0956081659922422
6609,0.119133648342704
6610,0.1397103085593559
6611,0.1525496828718333
6612,0.11673700222508471
6613,0.134980496008415
6614,0.1501804568101028
6615,0.1336809733989345
6616,0.11931288951623739
6617,0.1110247665582351
6618,0.1052272423502688
6619,0.09970544836477249
6620,0.09994569966291911
6621,0.13153525361090668
6622,0.1880438242188395
6623,0.18357511518805392
6624,0.0759651729523004
6625,0.059414677762064
6626,0.06483925417737879
6627,0.0590135875762424
6628,0.0494421254666855
6629,0.0566188100498183
6630,0.0549550113217638
6631,0.0645568076272033
6632,0.078308325580113
6633,0.1129749439855198
6634,0.1675539103143845
6635,0.16493809434568218
6636,0.1363110187917861
6637,0.1459786049644994
6638,0.1634650454341183
6639,0.0936240542166676
6640,0.1340649199434698
6641,0.14294520869768168
6642,0.1140024969613681
6643,0.0906319615252664
6644,0.0914993315589297
6645,0.154846867861738
6646,0.183462945136737
6647,0.1605780847770164
6648,0.0711206756238214
6649,0.0610211056170579
6650,0.0622905162736116
6651,0.057025704640429296
6652,0.0496779798069851
6653,0.058765475885903196
6654,0.0585543411516184
6655,0.06531907401047901
6656,0.0779590259438252
6657,0.1041698450530789
6658,0.1725892213082658
6659,0.1639355852961604
6660,0.1322666590906982
6661,0.13213792303114108
6662,0.1625362661637456
6663,0.09443332719027389
6664,0.1276870948190309
6665,0.13914205360816878
6666,0.10511374665842149
6667,0.0863395205630129
6668,0.096347644296196
6669,0.1670581932986656
6670,0.1946936986837744
6671,0.1564889604807873
6672,0.07344021828937321
6673,0.0531542199802805
6674,0.051970927560472
6675,0.0482033202324198
6676,0.050653960676319804
6677,0.0534974613738515
6678,0.0544955346685437
6679,0.0681151824348838
6680,0.0963129409272828
6681,0.11954413153021409
6682,0.1395478283412332
6683,0.1464491095436811
6684,0.12516832015310841
6685,0.1541855308352224
6686,0.14910991842768812
6687,0.1504700426764127
6688,0.1150866082379492
6689,0.10163997022122309
6690,0.1042346157251905
6691,0.0939685266039508
6692,0.0908585385171741
6693,0.1245309331120105
6694,0.1852450750615356
6695,0.1896866137470634
6696,0.08081465822372409
6697,0.0510327628582737
6698,0.0522270984929502
6699,0.0494305535668418
6700,0.046937472076371
6701,0.049398081094477
6702,0.0543768989719734
6703,0.07277680523594271
6704,0.091496648228468
6705,0.11040230347837521
6706,0.1469730598210274
6707,0.1433665423013387
6708,0.1239323915486358
6709,0.15025127474526312
6710,0.1404159508479336
6711,0.1365189453637319
6712,0.11384519459530751
6713,0.10430586786920659
6714,0.108107972861418
6715,0.08689603652695249
6716,0.097229899189322
6717,0.135223375771061
6718,0.191741570589531
6719,0.182395111053247
6720,0.0763932344281152
6721,0.0507670934496346
6722,0.0493456694185794
6723,0.0498429467490521
6724,0.051193380891235
6725,0.0498320199648402
6726,0.0529971453485234
6727,0.0692239089633511
6728,0.0989511407174079
6729,0.1178829948758486
6730,0.1537213900174454
6731,0.1528452836532199
6732,0.128764040754351
6733,0.1543147266596018
6734,0.1441536888586446
6735,0.1288420332518622
6736,0.1057324228351335
6737,0.1015151241066585
6738,0.1011733524925674
6739,0.0906260448548723
6740,0.0968869724093086
6741,0.1367333500743057
6742,0.1913883383931353
6743,0.1852915321309849
6744,0.0750018549538433
6745,0.0519165999753014
6746,0.0518283631026648
6747,0.0494485648886167
6748,0.0492402728853777
6749,0.0502553922871484
6750,0.053852340166532
6751,0.071604198762113
6752,0.0986197968429334
6753,0.10936200284724701
6754,0.13775496281911048
6755,0.1496151917594867
6756,0.12743121321683198
6757,0.147394087076961
6758,0.144325312262894
6759,0.1381746814081622
6760,0.1174862322537296
6761,0.1099963985792014
6762,0.1060474314868204
6763,0.1037456270553284
6764,0.0963162630480841
6765,0.1268736992913651
6766,0.1892299091580794
6767,0.1798194456185685
6768,0.0804678620516806
6769,0.0521653129248346
6770,0.050899374395057095
6771,0.047817783936981
6772,0.0495782456994317
6773,0.0504650220479647
6774,0.054089986708427004
6775,0.0712099795835825
6776,0.0986607754455791
6777,0.1133446011419956
6778,0.1420074163317283
6779,0.15243975207637162
6780,0.1184996510133911
6781,0.154999326404632
6782,0.14829565773782621
6783,0.13444873934270468
6784,0.1121456343646599
6785,0.1051154872239404
6786,0.1114654084171516
6787,0.0972914119410192
6788,0.0982266562068502
6789,0.1406909440307354
6790,0.194092117956225
6791,0.1784267326664093
6792,0.078710984113458
6793,0.0587803980295304
6794,0.0640941669512944
6795,0.0596082962035682
6796,0.051042586033210796
6797,0.061955068616800904
6798,0.056843126493704
6799,0.0637472084940871
6800,0.0777263377592815
6801,0.1130832556380798
6802,0.1694905839809358
6803,0.1768816733205088
6804,0.1471286011658571
6805,0.1407211028283585
6806,0.16711028399098338
6807,0.1026373835584542
6808,0.118221260295378
6809,0.1337667912112866
6810,0.1139184710908917
6811,0.0938898787976169
6812,0.0917982674491572
6813,0.1522240392938456
6814,0.1726973781040907
6815,0.148983151669621
6816,0.0716059600865673
6817,0.060846783774177196
6818,0.0659079378137848
6819,0.0632519982917081
6820,0.0510890953442096
6821,0.0593341100947398
6822,0.0577191535665991
6823,0.0668806110218655
6824,0.0753927807062522
6825,0.1068825690876624
6826,0.1753146483705646
6827,0.1709566420180848
6828,0.1356309777948109
6829,0.1395543424742968
6830,0.1731267771915933
6831,0.1058417307000495
6832,0.1310423626357085
6833,0.1353828491609261
6834,0.11740647593861811
6835,0.091199109386192
6836,0.09204032655046429
6837,0.1517729359252767
6838,0.1731804565118672
6839,0.1466530964888681
6840,0.0675566949803825
6841,0.0512771125750211
6842,0.0498537852113006
6843,0.0489037636277592
6844,0.0485747836662994
6845,0.050071104630682
6846,0.0518409183265098
6847,0.0711250453313422
6848,0.0881257114790713
6849,0.1155841645095888
6850,0.1431191763927352
6851,0.1474318704572835
6852,0.1161079755268891
6853,0.1526745525372366
6854,0.1477377600737412
6855,0.1359331638611857
6856,0.1104032130444772
6857,0.0959274339829555
6858,0.1092303607511276
6859,0.0905464587444975
6860,0.09211893764947099
6861,0.1413565686721629
6862,0.1935907986494128
6863,0.1799024681265617
6864,0.0779744132579715
6865,0.0530412680455905
6866,0.0522041320887855
6867,0.048944448363881204
6868,0.0484877301083647
6869,0.0513466399258903
6870,0.054893944517135904
6871,0.0738711804160254
6872,0.093923448298947
6873,0.1063235452424784
6874,0.1297619119872359
6875,0.1405679565248327
6876,0.1175058868726223
6877,0.1573496201250097
6878,0.1514279267025895
6879,0.138882404022117
6880,0.11758331010556661
6881,0.1030022196366592
6882,0.1007869694275157
6883,0.0932196124801304
6884,0.1040976078589139
6885,0.1333804156619866
6886,0.1797631270445807
6887,0.1789162332679593
6888,0.0803048706995421
6889,0.0518786407529094
6890,0.050370929414008
6891,0.0487322365458659
6892,0.0501149237574855
6893,0.0523188554060606
6894,0.0543171435280318
6895,0.07292617463153009
6896,0.0939312404071274
6897,0.1149577356138912
6898,0.1406303709675902
6899,0.1449974661298751
6900,0.1303629990532888
6901,0.1489596676576574
6902,0.142688959845048
6903,0.13691683070902871
6904,0.1171696832542519
6905,0.1041968317521408
6906,0.1093994059666324
6907,0.10734051078745
6908,0.1007014853262243
6909,0.13801709643368348
6910,0.1929358658316587
6911,0.1871677443249979
6912,0.0804069336993463
6913,0.0499252453617413
6914,0.050975945825656496
6915,0.0495963707800659
6916,0.0487391113114055
6917,0.0516225716410819
6918,0.0553038053657056
6919,0.0744977230497263
6920,0.1004764901868916
6921,0.1215651095374503
6922,0.1416501478687134
6923,0.1427798849087895
6924,0.1316239825793061
6925,0.1572466698479476
6926,0.1531881369105951
6927,0.1395897966284578
6928,0.12130343662009099
6929,0.103656483484315
6930,0.1030088668322692
6931,0.0992592205150512
6932,0.0950881589802498
6933,0.1338376914721145
6934,0.1936916687876239
6935,0.1833403430132277
6936,0.0767349672939385
6937,0.0511181414277218
6938,0.052773998583232604
6939,0.0503988354795853
6940,0.0488261059135971
6941,0.0493109205683683
6942,0.0560550163471132
6943,0.0747067443003408
6944,0.093492494284918
6945,0.11534631193744829
6946,0.1423289941092441
6947,0.15151970439922668
6948,0.1317933598732355
6949,0.1552256922563618
6950,0.1562243697454802
6951,0.1389450470929249
6952,0.1106261058656759
6953,0.10661344642404459
6954,0.1037263700074587
6955,0.0976819464850738
6956,0.1012672927326694
6957,0.1333179989945999
6958,0.1809990142157853
6959,0.1864599512575614
6960,0.0792894606243912
6961,0.061636074113849304
6962,0.0655169368291937
6963,0.0610969621870507
6964,0.0511331731761635
6965,0.0546854576834101
6966,0.052643429818288
6967,0.0665622360961434
6968,0.076589875411366
6969,0.1054959078472089
6970,0.1701644769500652
6971,0.1665951789641297
6972,0.1415404280826773
6973,0.1368726365877212
6974,0.1625194710612925
6975,0.1005791766892337
6976,0.1148969707777425
6977,0.13442120403986402
6978,0.1144391980437266
6979,0.0909551914204262
6980,0.091661174432057
6981,0.1628385910754337
6982,0.1778066215629558
6983,0.151892700054289
6984,0.0698027276941715
6985,0.0609908639770759
6986,0.0636094955803752
6987,0.058891124670311004
6988,0.0488190096446419
6989,0.06074077094917241
6990,0.0599035945729427
6991,0.0633559218230082
6992,0.0787010364632448
6993,0.1109055711636218
6994,0.1668980210024271
6995,0.1690002178452642
6996,0.1429225970592821
6997,0.1407942800537056
6998,0.1685631318225078
6999,0.0987194324714364
7000,0.1272034563172116
7001,0.1418730212238514
7002,0.1210826522908587
7003,0.0901322843426462
7004,0.0928688453398065
7005,0.1579694399027439
7006,0.1749884736292992
7007,0.1472640053624145
7008,0.0698561009444636
7009,0.0515311110139884
7010,0.0509433419545584
7011,0.047287171810698
7012,0.0500574127240217
7013,0.0502150053825145
7014,0.0532205276143106
7015,0.0711319338578473
7016,0.0973689152450638
7017,0.1157047063198495
7018,0.1428482004328048
7019,0.1443814166810194
7020,0.1180449208212428
7021,0.1456790445829394
7022,0.1431609752684177
7023,0.1270826285268604
7024,0.1279837300590246
7025,0.1042315130982386
7026,0.1078309187158044
7027,0.1102317672435688
7028,0.102611785511906
7029,0.1328075916934388
7030,0.1817311070458986
7031,0.1965976201381664
7032,0.080039676324516
7033,0.0510435175672448
7034,0.0511246535254029
7035,0.0495150609337701
7036,0.0496614869614868
7037,0.051327962005342
7038,0.0530277972515178
7039,0.07046058664442881
7040,0.08959659230575781
7041,0.1071937756261119
7042,0.137877154542072
7043,0.1418197680682973
7044,0.122085530463679
7045,0.1596187813249993
7046,0.1476219127589716
7047,0.1360853330915925
7048,0.1165559576192847
7049,0.0984414742540812
7050,0.0991101972883511
7051,0.0956478564142343
7052,0.09823895893116211
7053,0.1294941405447957
7054,0.1874991484967224
7055,0.1821303291815016
7056,0.0794197121038579
7057,0.0525179899469076
7058,0.0527113357984025
7059,0.048999381035787895
7060,0.0492565313465045
7061,0.0510874042802102
7062,0.0547378279149374
7063,0.0704425073808082
7064,0.094491093718483
7065,0.11348373119751559
7066,0.1314579747731323
7067,0.1408673777790054
7068,0.1315493074068863
7069,0.1601208338964106
7070,0.157037171771097
7071,0.1316913684494363
7072,0.11765991455769059
7073,0.0990676534661156
7074,0.0956620552001928
7075,0.0958219827428313
7076,0.0946893270093809
7077,0.1293350296321945
7078,0.1833173822335957
7079,0.1692469594207559
7080,0.0799458942562091
7081,0.0521060796603992
7082,0.051113092968019705
7083,0.0486771720089589
7084,0.0499983762108207
7085,0.0498300676559061
7086,0.0526780566285174
7087,0.0691151963245242
7088,0.0978553489221541
7089,0.1143726204006704
7090,0.1417718682378156
7091,0.1426076616880101
7092,0.1160146424201715
7093,0.1607285970856373
7094,0.15068402655839
7095,0.1324520135108039
7096,0.11363684041110961
7097,0.1008992370357696
7098,0.1130402492664032
7099,0.1010537964975318
7100,0.0981950994724512
7101,0.1335093726063605
7102,0.18856761986729148
7103,0.1831617297403662
7104,0.07746126521563759
7105,0.050671724075625
7106,0.0511703368108715
7107,0.050166220617750404
7108,0.0498121894902151
7109,0.0498224672701031
7110,0.0518826575342642
7111,0.0709127201340984
7112,0.0899118229409892
7113,0.1134467156755155
7114,0.1311761294629744
7115,0.13778141094221
7116,0.1118207178484186
7117,0.1430087676169287
7118,0.16214246182083258
7119,0.12878709870098198
7120,0.1205248665696234
7121,0.1097836580942335
7122,0.1078169019058485
7123,0.0999101682631142
7124,0.0949284110027821
7125,0.127502821677006
7126,0.1868800392587849
7127,0.1740461754765236
7128,0.0717620354995568
7129,0.0605616821335598
7130,0.0631618675276369
7131,0.0565540730185745
7132,0.0499149888430405
7133,0.0611707895667634
7134,0.0574722429446657
7135,0.061721060509907
7136,0.0781420241821674
7137,0.1076035229949249
7138,0.1748500280589739
7139,0.1644964678448177
7140,0.13535303837982748
7141,0.1419804778293668
7142,0.1673287592424173
7143,0.0997072563806697
7144,0.1266464896762085
7145,0.1486830850754541
7146,0.119956551584463
7147,0.0907884209926911
7148,0.0961451956870191
7149,0.1503638135301183
7150,0.1739189834664369
7151,0.1482251787763142
7152,0.071892905720646
7153,0.0621736951722742
7154,0.0664992373802331
7155,0.0599792078972311
7156,0.050144286781097
7157,0.0602579059564118
7158,0.0572434034996611
7159,0.0646374948466612
7160,0.0788361190459771
7161,0.1096721774412656
7162,0.1643077315429502
7163,0.1593301997150107
7164,0.1413044317776156
7165,0.1398440632719546
7166,0.1645873883940998
7167,0.0906544454411723
7168,0.1305586541470411
7169,0.14048125875835699
7170,0.1115751660529098
7171,0.094362019867405
7172,0.10293644834966939
7173,0.1594306734361596
7174,0.1750415139762626
7175,0.1446293593522231
7176,0.0676436289394298
7177,0.0508746769323988
7178,0.051941797390968596
7179,0.0502478259163358
7180,0.050933522835789
7181,0.0531632883451618
7182,0.0541583657758838
7183,0.0704554609990426
7184,0.0985064393579471
7185,0.1186558270520482
7186,0.1354560314041804
7187,0.1309063512163817
7188,0.11767668186380781
7189,0.1436629758672224
7190,0.1462763983109848
7191,0.139535504946911
7192,0.112876172766883
7193,0.1079861649407589
7194,0.1077678809816269
7195,0.0931649052208544
7196,0.1008837820746146
7197,0.13853217280194
7198,0.2003157574100178
7199,0.1792774718945087
7200,0.07888463340216109
7201,0.0523055279689693
7202,0.0526276778414487
7203,0.049427568175460596
7204,0.0482466807623145
7205,0.0509593468456082
7206,0.0564944968650989
7207,0.0714662140292925
7208,0.090912276410632
7209,0.1149156032868312
7210,0.1387778674851889
7211,0.1529268067792238
7212,0.1155232257394082
7213,0.1620152057613387
7214,0.1551573823941321
7215,0.1293635390682614
7216,0.1178200871231215
7217,0.1099302298047002
7218,0.1174252940141442
7219,0.1017226883462731
7220,0.0970989096592701
7221,0.1300107227056956
7222,0.1884338440740734
7223,0.1883485036191207
7224,0.0747667406542357
7225,0.0534371093446193
7226,0.0543280083159473
7227,0.050418496653651
7228,0.0482964244554812
7229,0.0527385529953935
7230,0.0556827205165221
7231,0.0726114603987158
7232,0.0973085475714798
7233,0.1228670308076699
7234,0.1438513142657209
7235,0.1299253001648798
7236,0.1150354880698488
7237,0.1405774303079922
7238,0.1440159900783139
7239,0.1384554467321311
7240,0.1180139231787423
7241,0.11057360510728581
7242,0.10719914032540159
7243,0.10067932203539551
7244,0.1088892881739097
7245,0.1374845455606746
7246,0.187575665331075
7247,0.1736691154732573
7248,0.0783160595342795
7249,0.0522418646035407
7250,0.0514090537209698
7251,0.0482846648124899
7252,0.050279884973867095
7253,0.051275523323055905
7254,0.0500750210474488
7255,0.0727219487902745
7256,0.0996130064516958
7257,0.1162582982980635
7258,0.1269170706856489
7259,0.136417316066545
7260,0.1294749469503803
7261,0.1547693018225818
7262,0.1482667025424424
7263,0.1277802752725733
7264,0.11653300301899609
7265,0.11136646877687001
7266,0.112334720287336
7267,0.0990053123108822
7268,0.1016266689340582
7269,0.1466748379229286
7270,0.1913628439385778
7271,0.1796735883584911
7272,0.07549982865107491
7273,0.0512502433743852
7274,0.0501118094959831
7275,0.0477885128775623
7276,0.0490594521401009
7277,0.0514880665371201
7278,0.0561013061813658
7279,0.06896868283894331
7280,0.0949309134275204
7281,0.115997898625832
7282,0.1418922073149017
7283,0.1456149684870246
7284,0.1217785193942713
7285,0.1536160981178411
7286,0.15298435248676
7287,0.13372391258005611
7288,0.1199236505173481
7289,0.09729777826468711
7290,0.1099438060376533
7291,0.097784608171119
7292,0.1013789798425794
7293,0.1459622920482178
7294,0.1843089657018969
7295,0.1744565185557095
7296,0.0757335097733521
7297,0.0621406473149064
7298,0.0651868804279349
7299,0.0572654895379995
7300,0.0508596794288379
7301,0.0612288615450338
7302,0.0545964514929025
7303,0.0668560432681698
7304,0.0767512704415118
7305,0.1087089876414807
7306,0.1679758302958705
7307,0.1566728611292256
7308,0.1254356944679269
7309,0.132741626650166
7310,0.1658909375138773
7311,0.1040049814850189
7312,0.1254582135272459
7313,0.13559144110836602
7314,0.1163932146735001
7315,0.0921493810200695
7316,0.09403314120694531
7317,0.1625433905643081
7318,0.1779651384837924
7319,0.1507922461531791
7320,0.0704555699714366
7321,0.0616704271563467
7322,0.0706129411423095
7323,0.0627574446712147
7324,0.0492970286662451
7325,0.0600456267225973
7326,0.0582379238285534
7327,0.0646094073797163
7328,0.0814921498252166
7329,0.1091895704508274
7330,0.1618711520354646
7331,0.1624783064279729
7332,0.1340909084411804
7333,0.1305351833824207
7334,0.1613360918613657
7335,0.1013948136747083
7336,0.130477274464493
7337,0.1393366026831387
7338,0.11580083445524669
7339,0.0924377045375811
7340,0.0908227872709268
7341,0.1636187061111716
7342,0.1861417216702273
7343,0.1489069828262258
7344,0.06698963423667009
7345,0.053301365805582104
7346,0.0513744255289079
7347,0.048755832103410904
7348,0.0514861057417524
7349,0.0512780515839837
7350,0.0540103691089394
7351,0.0723309448705622
7352,0.097978519781524
7353,0.1086426593779505
7354,0.1268505149766285
7355,0.1419578557276076
7356,0.1301637078297389
7357,0.1648930873969012
7358,0.1341283829296975
7359,0.1351266153994032
7360,0.1218452965828454
7361,0.1098026382794037
7362,0.1090391166602401
7363,0.1049174475071037
7364,0.1028213426765625
7365,0.1314587744331891
7366,0.1791997078242239
7367,0.1803247460530537
7368,0.0771025842055626
7369,0.0527921583301974
7370,0.0529461793085221
7371,0.049867413219262496
7372,0.0493747055270671
7373,0.0490380823166584
7374,0.0574257732476705
7375,0.0700869539436799
7376,0.0924628800568629
7377,0.1113493191462371
7378,0.1383574444610256
7379,0.1349565255474388
7380,0.1230180207410086
7381,0.14630445958385352
7382,0.14437334180390848
7383,0.1263310872332787
7384,0.1147588611171449
7385,0.1116641224162472
7386,0.098568767279535
7387,0.0880892681433349
7388,0.1060015864003826
7389,0.1389327420690961
7390,0.187236314280354
7391,0.1789445565150182
7392,0.0778190228157688
7393,0.0509751769581566
7394,0.0509697054404485
7395,0.0484030552643169
7396,0.051367964225556104
7397,0.050900657855641504
7398,0.0554204434057155
7399,0.0729872000750422
7400,0.0980773246544608
7401,0.1133103870190262
7402,0.1364045161627663
7403,0.1515171827649631
7404,0.1224681129152677
7405,0.1528667468731025
7406,0.1416894945480271
7407,0.1277631734612645
7408,0.10775020316721401
7409,0.0980606428898942
7410,0.0999105994191539
7411,0.0978186676735456
7412,0.0966639387463055
7413,0.1361608853865226
7414,0.18899032687721828
7415,0.1794975288230995
7416,0.0745124690680795
7417,0.051276199270099895
7418,0.0509488860732851
7419,0.049419474586990794
7420,0.0489612108330013
7421,0.050924293004745796
7422,0.0517962550792379
7423,0.0704047847398082
7424,0.0869199937358005
7425,0.1146698615820796
7426,0.1380134555059529
7427,0.1381384445198113
7428,0.1195313370925694
7429,0.1581287217252251
7430,0.155303463951015
7431,0.1351697265721174
7432,0.1215200993317298
7433,0.106347922660769
7434,0.1054324035005289
7435,0.0961024730692072
7436,0.1003135413022221
7437,0.1420282469904094
7438,0.2004952134272327
7439,0.1818280377331236
7440,0.072292801437813
7441,0.0516852875628921
7442,0.0518073887729429
7443,0.0497287469323909
7444,0.0472139492157182
7445,0.0494026929354363
7446,0.0577258718002718
7447,0.068246605686952
7448,0.0979235872617252
7449,0.1130320436346034
7450,0.1343949152629431
7451,0.1387420068286202
7452,0.1182979407270594
7453,0.1568749422849463
7454,0.1453998764279751
7455,0.1290471497360286
7456,0.1095197521974942
7457,0.1054762218959341
7458,0.1065610706414233
7459,0.0976709705123933
7460,0.0997521891976878
7461,0.1303580451869936
7462,0.1844764242832293
7463,0.1879088613035092
7464,0.07876587563737089
7465,0.060142742754644
7466,0.062272461737164005
7467,0.0558638692888535
7468,0.0510298671280318
7469,0.0625440629402296
7470,0.057742737067636496
7471,0.0627231959553226
7472,0.0838300825691342
7473,0.1066263299346789
7474,0.17103426794901339
7475,0.174182531217585
7476,0.1451051881436209
7477,0.1299125838313393
7478,0.1641288702687421
7479,0.0983688673060391
7480,0.1352007483469148
7481,0.1369675587688324
7482,0.11299174846624621
7483,0.091668737676226
7484,0.0930766088690537
7485,0.1531443244273695
7486,0.1741168055588633
7487,0.15341235454476482
7488,0.0702528822876899
7489,0.0576084277043331
7490,0.06298740833256619
7491,0.060631700905916
7492,0.0498782935127597
7493,0.059955851417466205
7494,0.057227953263501996
7495,0.0622858603876311
7496,0.0729727463329411
7497,0.1107685628334115
7498,0.1808291241516258
7499,0.158791440864263
7500,0.1428787672000344
7501,0.1462246134702494
7502,0.1614889188136886
7503,0.0957762001036283
7504,0.132834482827276
7505,0.1460533491454689
7506,0.1127420251244962
7507,0.0849938185248094
7508,0.0937853814673841
7509,0.1595915009919449
7510,0.1769984860360963
7511,0.14007522260916389
7512,0.0648875800168052
7513,0.051125234901805
7514,0.0518574690747886
7515,0.0488409823804954
7516,0.0495953934091809
7517,0.0515938044979362
7518,0.052648845485311
7519,0.07059895212846151
7520,0.0933172198987139
7521,0.1120166474848529
7522,0.1326848106569038
7523,0.1411336868588845
7524,0.1352820834639527
7525,0.1449570273364901
7526,0.1431920541135645
7527,0.1332030184261349
7528,0.112509029082752
7529,0.11025534456318101
7530,0.1085735333249087
7531,0.1053835744337788
7532,0.0993136159915249
7533,0.1367701028943358
7534,0.1917036892071596
7535,0.1861309082511095
7536,0.0782024311606138
7537,0.0519378199934234
7538,0.0514634891309717
7539,0.0510107146940145
7540,0.0483328943416587
7541,0.0494005637118923
7542,0.0553726322019502
7543,0.0712224231611099
7544,0.0923399976372597
7545,0.1150931211898644
7546,0.1399002294994658
7547,0.1439741924813962
7548,0.11560142618532751
7549,0.14685225311996392
7550,0.1501758467490231
7551,0.1288002426436133
7552,0.1165758680549915
7553,0.1041013704297108
7554,0.1071473384842764
7555,0.0975079632943843
7556,0.0972358492231417
7557,0.1408883613627284
7558,0.1876145841449045
7559,0.1873914268214911
7560,0.0795978299680529
7561,0.0525432915837085
7562,0.050001203922947
7563,0.0484577800401339
7564,0.0497759693090568
7565,0.0503117212120986
7566,0.0522720494746258
7567,0.071204137067307
7568,0.0987005622238754
7569,0.1064012509240502
7570,0.13823286402088292
7571,0.1532876585671391
7572,0.1279564349297345
7573,0.1485387622764724
7574,0.1553207473237306
7575,0.1407843141999742
7576,0.1239940089815631
7577,0.1096115320291977
7578,0.1015007873165978
7579,0.0977151322939566
7580,0.1011326543027301
7581,0.1394012486271038
7582,0.1883457321714124
7583,0.1879282885211583
7584,0.0801215008509837
7585,0.050086248014917
7586,0.051681302635638096
7587,0.0494841371655208
7588,0.0477957054339044
7589,0.049956993785355
7590,0.0552677715991972
7591,0.0709393366800206
7592,0.0930467308846269
7593,0.1115943234379077
7594,0.1351844203311374
7595,0.14147138959221908
7596,0.1283299642775813
7597,0.163035591577603
7598,0.148494767815406
7599,0.1277103408087944
7600,0.1118345125830673
7601,0.1000216873015085
7602,0.114408405627103
7603,0.1005828496680205
7604,0.0931571194211173
7605,0.1329697761160582
7606,0.17503359551238318
7607,0.1782688303955618
7608,0.0758413974375727
7609,0.0531802361517653
7610,0.0512885408797778
7611,0.0507347106203534
7612,0.0483254689648384
7613,0.0501898868527393
7614,0.0554374760480408
7615,0.0668868942187169
7616,0.0942563174584327
7617,0.1144352307007931
7618,0.1359510325075744
7619,0.1423626137923247
7620,0.1229255887917508
7621,0.1515423867365343
7622,0.137863264893716
7623,0.1357975046826609
7624,0.11970407916300199
7625,0.1071490095865849
7626,0.1024997232616144
7627,0.0932586530118924
7628,0.09756498812306469
7629,0.1333373360103082
7630,0.1867076568489772
7631,0.1810255294567846
7632,0.0728036589569409
7633,0.0590851890761591
7634,0.0646695142724451
7635,0.0565779449744885
7636,0.0498467828236823
7637,0.0578165671825803
7638,0.055102315254618894
7639,0.0602918066300426
7640,0.07455913064750999
7641,0.109027379019251
7642,0.1736027810743979
7643,0.1603927054134735
7644,0.136365499612936
7645,0.1331069139657151
7646,0.1591775377334797
7647,0.0988003482930278
7648,0.1379760643082809
7649,0.1413088447858308
7650,0.1179625346285001
7651,0.0935639474535301
7652,0.0966206794122053
7653,0.157703457994815
7654,0.1691227232285792
7655,0.1331575627004258
7656,0.0664980308967503
7657,0.0613162954959821
7658,0.06398144985402279
7659,0.0605037445457522
7660,0.050201110864547704
7661,0.0564243987951233
7662,0.0556853145105288
7663,0.0646075545060028
7664,0.0834649811849766
7665,0.100706990298504
7666,0.1578343331366787
7667,0.1626748498734362
7668,0.1331549797971253
7669,0.1307077619422263
7670,0.16699655555944348
7671,0.0955066174711518
7672,0.1366084516611141
7673,0.1568057303290781
7674,0.1208186016091347
7675,0.0937841834339821
7676,0.0938537831182905
7677,0.1579787906540696
7678,0.1740670798668027
7679,0.1425263717317779
7680,0.0671139741935488
7681,0.0514522831070742
7682,0.0516438646651538
7683,0.0500835975914337
7684,0.0489643443741458
7685,0.052639103813612004
7686,0.0539155804405643
7687,0.07125371550152759
7688,0.0971550368593902
7689,0.12081480374199341
7690,0.1455477417899122
7691,0.1421711617253205
7692,0.1323156736679326
7693,0.158524610380305
7694,0.14961281364535461
7695,0.1324715034359799
7696,0.1127698964534856
7697,0.1105996714951725
7698,0.108022327066185
7699,0.094657755604297
7700,0.1027974134338596
7701,0.13872878854963722
7702,0.19217895903774979
7703,0.1823531658984086
7704,0.07728773494512291
7705,0.0537406120675306
7706,0.0515442787427526
7707,0.0490970091505362
7708,0.050451918104885
7709,0.051199271623416004
7710,0.0539919670754441
7711,0.0722950592289454
7712,0.1031134970118315
7713,0.1105981080480377
7714,0.1283606614566706
7715,0.150310468386524
7716,0.1344848754647392
7717,0.1485436767384788
7718,0.15132838508973
7719,0.13349128866318122
7720,0.1165021152830801
7721,0.0969227942237212
7722,0.101324472231359
7723,0.0922043784647247
7724,0.0895789760149949
7725,0.1297044599552252
7726,0.1849446865757015
7727,0.17467402148125488
7728,0.0720978878017624
7729,0.0512933603671727
7730,0.0520115008706906
7731,0.0496866284119132
7732,0.0498066122465275
7733,0.0496347133256826
7734,0.056184598572897
7735,0.0723113695971984
7736,0.0913868425868873
7737,0.1177941206526893
7738,0.1536164307725988
7739,0.1470344140609586
7740,0.1295626443208196
7741,0.1449855214532686
7742,0.150979541514866
7743,0.1373043672213979
7744,0.1200570206989074
7745,0.10263595552294599
7746,0.11009136835714581
7747,0.0995341404420623
7748,0.1005003771226768
7749,0.1356854577574168
7750,0.18545875425456979
7751,0.18141367880196269
7752,0.0766434647892691
7753,0.0502649179422903
7754,0.0505013755083114
7755,0.0498917790104624
7756,0.050194952924827896
7757,0.0507220737355829
7758,0.0544231046864491
7759,0.073424424628747
7760,0.0986369797997852
7761,0.1136325223106365
7762,0.139077439214587
7763,0.1441682013112903
7764,0.12647919559411291
7765,0.146802298546548
7766,0.14326514756269648
7767,0.1248912284863302
7768,0.1219300516796083
7769,0.1042297919603557
7770,0.1072793325952446
7771,0.0960910366179788
7772,0.105747403897099
7773,0.1351408859508927
7774,0.1833034783292484
7775,0.1713444241693339
7776,0.0738188983068759
7777,0.0521284680689783
7778,0.052267899840185705
7779,0.0493481442216536
7780,0.0494964922038524
7781,0.0490549244451585
7782,0.0528368098480255
7783,0.0688080427878704
7784,0.0937572978190945
7785,0.12119890387802079
7786,0.1534280871229045
7787,0.1520988318496932
7788,0.125079077855768
7789,0.1462915843318675
7790,0.14596345155008972
7791,0.1356321710471876
7792,0.1106644541925423
7793,0.0998019491498295
7794,0.100167095464511
7795,0.0976428294981048
7796,0.0977511359179289
7797,0.1344003451865387
7798,0.1890684609567102
7799,0.1711717750341905
7800,0.0743794631445093
7801,0.060739440165670906
7802,0.0651043727864315
7803,0.062704900837597
7804,0.0511973956906152
7805,0.056717386490198196
7806,0.0561269367574458
7807,0.0634252536201077
7808,0.0761599761048847
7809,0.09984210476146149
7810,0.1670689692676648
7811,0.1654456177477237
7812,0.1345272688569135
7813,0.13778274490126088
7814,0.1621631378567702
7815,0.0969154791816072
7816,0.1332683869048041
7817,0.14965279937301929
7818,0.12148286423192381
7819,0.0938588400293711
7820,0.0904411710754149
7821,0.1509807867262274
7822,0.1693624560518266
7823,0.1561722339836311
7824,0.0695912262984336
7825,0.061858358321399805
7826,0.0656877526738988
7827,0.0584110441473807
7828,0.0485730124410841
7829,0.0614256446070248
7830,0.058491337156512994
7831,0.0648065307239879
7832,0.0792787028741954
7833,0.1153200833110915
7834,0.1773797929443763
7835,0.1636789417617297
7836,0.1423431195358656
7837,0.1328877669330894
7838,0.1577414242894153
7839,0.097244398181308
7840,0.1323006814316048
7841,0.1361777890184919
7842,0.1088543125635295
7843,0.0898162746186559
7844,0.0901491495923306
7845,0.1503449628295965
7846,0.1913180090029497
7847,0.1503184924515055
7848,0.064922576002061
7849,0.0506971024780581
7850,0.0529490726802923
7851,0.0489206877869558
7852,0.049544904057677905
7853,0.0519686847953687
7854,0.0533475354192882
7855,0.0694129665260928
7856,0.0891580274460929
7857,0.1130964764825421
7858,0.1305308780380654
7859,0.1479616899889352
7860,0.12767923400086628
7861,0.1512525625203062
7862,0.1436892670053875
7863,0.13203359404828569
7864,0.1162640095949513
7865,0.105691034899582
7866,0.1066930487517207
7867,0.0964143605516581
7868,0.1042849481294663
7869,0.1306094068516199
7870,0.17456409123423638
7871,0.18178155481751931
7872,0.0761720317715625
7873,0.0498173583977292
7874,0.053278497866857
7875,0.049774592635171
7876,0.0490995806538835
7877,0.0514642313619095
7878,0.0570533076604031
7879,0.0702408633135385
7880,0.0884656173071266
7881,0.11293626810298352
7882,0.1470531550632875
7883,0.1466822904602995
7884,0.1238585458675809
7885,0.1506974931160562
7886,0.1453551423932946
7887,0.1333358793504758
7888,0.1163780463572611
7889,0.1061723950197089
7890,0.0995931957202429
7891,0.0915215892175503
7892,0.10280485672352391
7893,0.1301311751215676
7894,0.187966259796221
7895,0.18736642156413919
7896,0.0805938964773755
7897,0.0519979267746184
7898,0.0522291808706492
7899,0.0495712541950523
7900,0.0498555374475671
7901,0.051209638482037204
7902,0.054792353956527
7903,0.06765945876724751
7904,0.0957237981718481
7905,0.11290333582911591
7906,0.1321396242578527
7907,0.1507386347655231
7908,0.12089020030892379
7909,0.1562675825104935
7910,0.1417629000109649
7911,0.1295837147353181
7912,0.1251166745865625
7913,0.101597988532877
7914,0.0922838189990645
7915,0.10007776768794449
7916,0.1061279451342514
7917,0.1319891636260268
7918,0.1934525352220431
7919,0.1860898703555542
7920,0.07279744198796631
7921,0.0525846528177892
7922,0.049889422517205004
7923,0.0502767795468749
7924,0.0518595558334664
7925,0.0495578115046013
7926,0.0527472512375462
7927,0.0743962410394699
7928,0.095511234376031
7929,0.1217196084767906
7930,0.14469051465812538
7931,0.1327626275101733
7932,0.1174480706990966
7933,0.15160244336922152
7934,0.14884746646417749
7935,0.1304846551069586
7936,0.122549542422337
7937,0.1102770516920699
7938,0.1129676788715971
7939,0.1000473711568234
7940,0.1017075714371518
7941,0.1374641903395116
7942,0.1819105908876866
7943,0.1740561852598832
7944,0.0708604640221111
7945,0.0524311689031104
7946,0.052954702937831596
7947,0.0492097024702753
7948,0.0501774219280425
7949,0.050659441159966
7950,0.0562014355173559
7951,0.0696738208640238
7952,0.0987411912759531
7953,0.1143815822815087
7954,0.1471431246850074
7955,0.1548228407129611
7956,0.130274269151587
7957,0.15329310554707598
7958,0.1441214573859802
7959,0.1336994186083758
7960,0.11095461068125151
7961,0.1038555029504323
7962,0.1033958381242701
7963,0.0915427170354276
7964,0.1010116968673655
7965,0.1357396638386493
7966,0.1944360647926516
7967,0.18310702296305809
7968,0.0766307321698514
7969,0.0637349303103813
7970,0.0643622925993506
7971,0.0572427999975489
7972,0.0494432044896623
7973,0.0635672257126725
7974,0.0626831711993355
7975,0.0639033630597176
7976,0.0824524685686253
7977,0.1039878598450681
7978,0.1681313352897671
7979,0.1648538136229264
7980,0.1366273599836966
7981,0.14259001234691532
7982,0.1753159274296793
7983,0.1031779195747605
7984,0.129339842568296
7985,0.1379650626062269
7986,0.1096544611068545
7987,0.0912321880072097
7988,0.0909872564896431
7989,0.1630240430088775
7990,0.1697265572581051
7991,0.1394307095102689
7992,0.0695742294107227
7993,0.0571189188843782
7994,0.061956410489281896
7995,0.0611891369807613
7996,0.0511446338012846
7997,0.0591530082351444
7998,0.0582219505322493
7999,0.0642805424645715
8000,0.0772525004644922
8001,0.1024314605844698
8002,0.161366511999575
8003,0.1600963419956026
8004,0.134782640947257
8005,0.127492497218552
8006,0.16665338521551448
8007,0.102104318933146
8008,0.1317824645085182
8009,0.1340896415278006
8010,0.1037810079082306
8011,0.089373721336446
8012,0.09996394354365
8013,0.1651702121950221
8014,0.1783204954687343
8015,0.15421132317917371
8016,0.0725653476371859
8017,0.0526152235369457
8018,0.050684192703982195
8019,0.050152060999173
8020,0.049191518705637
8021,0.0507877510686792
8022,0.055989269943672995
8023,0.0700584270531668
8024,0.0937517401710806
8025,0.1119462239884078
8026,0.1414227437825325
8027,0.1482130333800829
8028,0.1159995797535874
8029,0.14327893356497579
8030,0.14982401368469458
8031,0.1297484584882279
8032,0.1158844755856846
8033,0.1035564726858418
8034,0.1103628579584846
8035,0.09719399381654589
8036,0.1005787684508606
8037,0.1337237769122438
8038,0.1962334639509439
8039,0.1892867963693675
8040,0.0795145730387546
8041,0.0507325221562772
8042,0.0543685851250624
8043,0.0492237956948667
8044,0.0496800919007161
8045,0.0504526183511535
8046,0.0555743784443613
8047,0.0727463531672135
8048,0.0941870155566918
8049,0.1175633339762412
8050,0.1438351557203063
8051,0.143567121855815
8052,0.1299531736343678
8053,0.1514887617374806
8054,0.1509049496624218
8055,0.1302635676149672
8056,0.1123151075720143
8057,0.10669252632980711
8058,0.09834508684156851
8059,0.08621634881507251
8060,0.09406962440322911
8061,0.1345942546488345
8062,0.1960169926535826
8063,0.194242987706095
8064,0.07708298424014019
8065,0.0530401208754999
8066,0.051856614589504496
8067,0.0487764074264216
8068,0.0487231948064772
8069,0.0502344259793035
8070,0.055843431518661
8071,0.0720413573567124
8072,0.0964157974030069
8073,0.1128941676818636
8074,0.14491138724100722
8075,0.1462711327962792
8076,0.1142613578559676
8077,0.1455818629722727
8078,0.1497763369618762
8079,0.1318836002447075
8080,0.1149885888683444
8081,0.10204924572411231
8082,0.09605395208051751
8083,0.0949307282164854
8084,0.1055802988584488
8085,0.1298384251195805
8086,0.1918777360050342
8087,0.1947868293687185
8088,0.0787182663007602
8089,0.0507414586846754
8090,0.0520563977024545
8091,0.0508578445051479
8092,0.0478298988381524
8093,0.0490660834539532
8094,0.054474884741204
8095,0.070683059740004
8096,0.0940937206654785
8097,0.1159707184121108
8098,0.13315108417209498
8099,0.1402097629251629
8100,0.1286903248014778
8101,0.1526037256169418
8102,0.1533309397479769
8103,0.13234591386608469
8104,0.1105645047276144
8105,0.0964879271940498
8106,0.1069041128891035
8107,0.0976547268090407
8108,0.1004082172927942
8109,0.13154351917324592
8110,0.1939681911916995
8111,0.1757470920821619
8112,0.0785011237593124
8113,0.0518481405430515
8114,0.0511845114812442
8115,0.0502019324946483
8116,0.0493278434802698
8117,0.049496784840229804
8118,0.053178832625838404
8119,0.0700348552922134
8120,0.0886003525970068
8121,0.1129449535344891
8122,0.1463705959255477
8123,0.148984089264068
8124,0.1257055973999495
8125,0.1454514258385409
8126,0.1479195627022688
8127,0.1360865211658989
8128,0.1177378386661189
8129,0.1124761575859399
8130,0.1055420701782743
8131,0.1002088644991864
8132,0.1003716623480578
8133,0.1415039092110455
8134,0.1853631226202818
8135,0.17448941341566682
8136,0.0826320993170086
8137,0.058316358569872905
8138,0.0623441073123637
8139,0.054551161912347504
8140,0.0499153031195634
8141,0.0585554552553377
8142,0.0575086942096464
8143,0.0667509044612428
8144,0.0771141232837282
8145,0.1071550665777624
8146,0.1751656461167191
8147,0.16139309925372308
8148,0.1381332171200076
8149,0.1458817140806774
8150,0.1712439473594934
8151,0.09161707078918341
8152,0.1228837138983615
8153,0.1440765077176528
8154,0.12839548714044352
8155,0.1017525860400964
8156,0.09454284330923571
8157,0.1421352120676196
8158,0.1584235623676402
8159,0.146915874473732
8160,0.0707346825947274
8161,0.0568781116290747
8162,0.0634999588173461
8163,0.0607869176975076
8164,0.0501894192634323
8165,0.0605716479545908
8166,0.06126238664482041
8167,0.065647356478069
8168,0.0774988827462897
8169,0.1112406682426658
8170,0.1650998235381467
8171,0.1663733058566175
8172,0.1398973742884175
8173,0.1385118788320657
8174,0.17005933369603782
8175,0.1008571417111448
8176,0.129686654325419
8177,0.1439559560160068
8178,0.1144196460807736
8179,0.0854818941047979
8180,0.09676299636975699
8181,0.1658495222504516
8182,0.1879288276188322
8183,0.1521334397115373
8184,0.0695628026479898
8185,0.0513365719429503
8186,0.051972480189533196
8187,0.0495277619966805
8188,0.051479642186880004
8189,0.051348288520093
8190,0.0535337742777696
8191,0.072134598094122
8192,0.0958987965844907
8193,0.1094571153076562
8194,0.13187248984648942
8195,0.1371762415782842
8196,0.12412811152255519
8197,0.145949732447283
8198,0.1447009364127602
8199,0.1350086906888514
8200,0.1178877995107365
8201,0.1004520122925244
8202,0.103705380395573
8203,0.0945145929203183
8204,0.1051128449089279
8205,0.1350839913713204
8206,0.1844427558143648
8207,0.1977582307451768
8208,0.08077203256172209
8209,0.0527705894199111
8210,0.0523649569847118
8211,0.0497347456932553
8212,0.050282177400676795
8213,0.0499272683598915
8214,0.0539882289435582
8215,0.0701279851371052
8216,0.0954577964878267
8217,0.1137065025331621
8218,0.1341077512674473
8219,0.1402095772838585
8220,0.1206625199522119
8221,0.1461581244593041
8222,0.15317585126825561
8223,0.1360959228947631
8224,0.1225857100090227
8225,0.1026325391597261
8226,0.10275161223109991
8227,0.0951160699874055
8228,0.1062965762002088
8229,0.1376164549241088
8230,0.1983930973159676
8231,0.1866302379605426
8232,0.0778725943439116
8233,0.0530170844985351
8234,0.052619365748684505
8235,0.0490395063663502
8236,0.048972798336094595
8237,0.0507152774463431
8238,0.05227340111815
8239,0.0680968341596983
8240,0.1043804991712232
8241,0.1190976478735619
8242,0.1438359198681378
8243,0.1443572059452489
8244,0.1166994110975262
8245,0.1402474148819544
8246,0.143258172788488
8247,0.1327827686114433
8248,0.1221756009706769
8249,0.1040625602968579
8250,0.1056327440834401
8251,0.0928491046472399
8252,0.1014596688018459
8253,0.1317058546783526
8254,0.200103368809822
8255,0.188880689417903
8256,0.0756430337705417
8257,0.0523189305158035
8258,0.0511940568097931
8259,0.048879061641876095
8260,0.0501089478218733
8261,0.051084103212044
8262,0.053718103719490304
8263,0.07353302102704
8264,0.0994879090402833
8265,0.1190935669655373
8266,0.136146048371667
8267,0.1454704962452174
8268,0.1150017249441945
8269,0.14470136696446362
8270,0.1475947140905624
8271,0.1315977179932461
8272,0.1187723170756436
8273,0.1093590920831884
8274,0.1073624416909127
8275,0.0935328604449749
8276,0.1008063648046465
8277,0.1356062768016666
8278,0.1872151861476509
8279,0.1766069623060523
8280,0.0726750794553515
8281,0.0522930762471941
8282,0.0508665442882895
8283,0.0497311889226012
8284,0.0498772435855727
8285,0.0527068939631283
8286,0.054288363461387504
8287,0.0773227007980808
8288,0.10173969011874359
8289,0.12267597768373349
8290,0.1422055772543739
8291,0.1374077550597676
8292,0.1182173305358679
8293,0.1403982241272399
8294,0.1482430028050628
8295,0.13151660217258
8296,0.1136971936724261
8297,0.1058504663916297
8298,0.1038747165355734
8299,0.0946620336561833
8300,0.0993780844412433
8301,0.136204730542421
8302,0.1971268242581182
8303,0.1789223549292116
8304,0.0767086804036506
8305,0.0613361336331259
8306,0.0679383680775502
8307,0.0603825582912993
8308,0.0497957308635762
8309,0.0610659540925553
8310,0.0592611938317074
8311,0.0643210976631248
8312,0.0777787619781043
8313,0.1054172275633488
8314,0.16788165801678628
8315,0.168329847054391
8316,0.1312898657697054
8317,0.13200353869377218
8318,0.1668362707611097
8319,0.0984908978081015
8320,0.1298936163965805
8321,0.13475104903595442
8322,0.1109584078828692
8323,0.1008899637132489
8324,0.1028698089330082
8325,0.1612149042108377
8326,0.1849221076200729
8327,0.1478885676196716
8328,0.0682447154230459
8329,0.0598990859391513
8330,0.0619084529902013
8331,0.0538009192121641
8332,0.0494183096284859
8333,0.057356795832081496
8334,0.0556376202905535
8335,0.0630159373937248
8336,0.0745451894385948
8337,0.10964417801732021
8338,0.1782617073119581
8339,0.16146847146585291
8340,0.1357053585461622
8341,0.1342190216467668
8342,0.1631983826323607
8343,0.1018299560738255
8344,0.1325537183124165
8345,0.13531225452249598
8346,0.1125954360798341
8347,0.0911758081481652
8348,0.0934281214296958
8349,0.1530914896898235
8350,0.1763004158524539
8351,0.151472752386656
8352,0.0696284007660947
8353,0.050363151426152
8354,0.051020641716175597
8355,0.0503857648088901
8356,0.048709829460964
8357,0.0508338045518803
8358,0.0545048129009316
8359,0.0748295647044166
8360,0.0916775427097023
8361,0.12628130660689701
8362,0.1459782902887366
8363,0.1378911197670477
8364,0.1159786173824214
8365,0.1389576094721909
8366,0.1484955211718624
8367,0.1411443499566794
8368,0.1186212956353981
8369,0.1093944212251278
8370,0.1108730903784453
8371,0.1006830752382339
8372,0.0979977326272184
8373,0.1347676967467947
8374,0.18907288418684948
8375,0.1826722378247476
8376,0.0802976200866025
8377,0.052767366245066304
8378,0.0526503251874857
8379,0.048554849289194096
8380,0.0495511984501279
8381,0.0513393876425746
8382,0.0533827427476905
8383,0.0691774370722295
8384,0.0931761943158287
8385,0.1099560772912993
8386,0.132848773739495
8387,0.1373146729819553
8388,0.1174865265370707
8389,0.1574291518521112
8390,0.1538621356006335
8391,0.1334090035290457
8392,0.1202516703800801
8393,0.1123606362170868
8394,0.1097901341259631
8395,0.0919494290610061
8396,0.0985611904401612
8397,0.1425288998844156
8398,0.177124034589288
8399,0.1683517631187264
8400,0.0698864214898781
8401,0.0520385183803174
8402,0.0499798149047649
8403,0.0494057108096596
8404,0.0496227218622748
8405,0.0509094909639555
8406,0.0506605361881669
8407,0.0690147139039788
8408,0.1014359126492483
8409,0.1081830726601245
8410,0.1303008918779603
8411,0.1474936775053196
8412,0.12431757140136249
8413,0.1506577349138464
8414,0.14249159054386829
8415,0.1454082463387946
8416,0.1176298957570433
8417,0.107022881564121
8418,0.1127540629434713
8419,0.1045170509897077
8420,0.1041151462558385
8421,0.1371860535599866
8422,0.1893516915256937
8423,0.17872649687155528
8424,0.0706654920912813
8425,0.050820403688577
8426,0.0510105226884285
8427,0.0505856752812227
8428,0.0496004949856937
8429,0.0523985734916419
8430,0.0553469364017601
8431,0.0715976142419098
8432,0.0912797532167528
8433,0.113213753096449
8434,0.1356026708344124
8435,0.1453342691038058
8436,0.1202964218374729
8437,0.1452207600665019
8438,0.1440755586306054
8439,0.1327057247986987
8440,0.1131427105473775
8441,0.1012702186477794
8442,0.10573576126750289
8443,0.098388749198628
8444,0.10288553841574599
8445,0.1381093520871173
8446,0.1858796413823146
8447,0.1799147269805198
8448,0.0775374711237837
8449,0.0512050927064934
8450,0.0499027455288632
8451,0.0490676579889151
8452,0.0499289920085255
8453,0.0504494937045656
8454,0.0530202845469486
8455,0.0689364238180412
8456,0.0933938058512469
8457,0.1097165456576905
8458,0.1296017822671487
8459,0.1379170885939777
8460,0.1343506107743018
8461,0.1551023829447618
8462,0.1428573443964618
8463,0.1369437013246917
8464,0.1195719419997874
8465,0.1012957782469792
8466,0.1059113135174044
8467,0.0954185687695216
8468,0.09691352223534949
8469,0.14015794128896308
8470,0.1939755330858853
8471,0.1768516871386149
8472,0.0742392754267636
8473,0.0619468255889128
8474,0.0644336755694456
8475,0.057229491651619994
8476,0.049894751472100596
8477,0.057858969625686305
8478,0.055736723756064796
8479,0.0644709154865035
8480,0.0834107339905254
8481,0.1099340887949957
8482,0.1717838703365625
8483,0.1567598015816452
8484,0.137335324498814
8485,0.1352017540257648
8486,0.1576774517442202
8487,0.0943382801351447
8488,0.1227307305653248
8489,0.1259692782718687
8490,0.1169096859614982
8491,0.0916836108805045
8492,0.0917712689923085
8493,0.1522700328170566
8494,0.1812537003765208
8495,0.1481270321066302
8496,0.0681774334236797
8497,0.0624914562174393
8498,0.0647610706883753
8499,0.0565493186934699
8500,0.049305407910387
8501,0.0592006101619744
8502,0.0578029085744745
8503,0.0670679889176566
8504,0.0773482921048034
8505,0.1062405805436751
8506,0.1679520457077774
8507,0.1626009298663633
8508,0.1419001842257256
8509,0.1290025183032168
8510,0.1471506165747465
8511,0.09425922099064099
8512,0.1302489917009313
8513,0.1349060049144562
8514,0.1205527374582399
8515,0.0951978776227685
8516,0.0927127653321269
8517,0.1582230885544512
8518,0.1803529086304437
8519,0.1509658159078859
8520,0.0695208691748685
8521,0.0522055285511209
8522,0.051695383560044
8523,0.049117964969866604
8524,0.0491414512810663
8525,0.051951835507428
8526,0.0541378796521627
8527,0.0738932490385097
8528,0.0977126870040364
8529,0.1185449585878754
8530,0.1417950677222773
8531,0.1497697091475084
8532,0.1235551740656498
8533,0.1528733897175496
8534,0.1394617875798618
8535,0.1344374258674449
8536,0.11100450935707021
8537,0.1008000763347916
8538,0.0990322738376295
8539,0.0972092061092228
8540,0.106411855717589
8541,0.1321198744038286
8542,0.1859343493640538
8543,0.1824942347413267
8544,0.07995812176961531
8545,0.0505237473296397
8546,0.0516303856930386
8547,0.0514819481248289
8548,0.0488693140444857
8549,0.0491711900250872
8550,0.0541359025883913
8551,0.0678041259325738
8552,0.09039948378844151
8553,0.1155570336912975
8554,0.1426852194389813
8555,0.1421869630459364
8556,0.1161233789488811
8557,0.14503801376408748
8558,0.1516313192651016
8559,0.1386931087799593
8560,0.122052532174555
8561,0.1064685453865327
8562,0.1032268126151265
8563,0.0967136112013431
8564,0.1057640884359165
8565,0.1370595331222709
8566,0.1900618200697782
8567,0.18477738215359468
8568,0.0719113147295195
8569,0.0520625859267234
8570,0.051845860922217
8571,0.0485332225710087
8572,0.0489275846984133
8573,0.050465330003769
8574,0.0527969524575999
8575,0.06785869752514159
8576,0.0948158487505639
8577,0.1140578272526721
8578,0.1420604733085996
8579,0.1500634901325132
8580,0.1143062089578832
8581,0.1550238030518852
8582,0.1447201780293122
8583,0.1344456999853893
8584,0.1198150779345885
8585,0.1097836608696895
8586,0.104501618124126
8587,0.1011294822804499
8588,0.1030969088937556
8589,0.1364649845472511
8590,0.1922181264718642
8591,0.1879807756625927
8592,0.0771874424793477
8593,0.0528025854258257
8594,0.0514570501242688
8595,0.0476635860088867
8596,0.0508030802610515
8597,0.0521994950679191
8598,0.0537847848211427
8599,0.069334267538547
8600,0.0966937477086907
8601,0.1146932085687566
8602,0.1430195883192083
8603,0.143634378356683
8604,0.1247810457995107
8605,0.14830219896975322
8606,0.14617165294591972
8607,0.1327085131069905
8608,0.1129889891766606
8609,0.1003669006640477
8610,0.110413509519486
8611,0.1012527978876607
8612,0.10339319769164809
8613,0.1388863672819581
8614,0.1770168639317771
8615,0.176068600670306
8616,0.078160163197913
8617,0.0522762713674111
8618,0.0526736020520089
8619,0.0494331641333975
8620,0.0501204293448047
8621,0.049630512379506
8622,0.053244132218625
8623,0.0782076665202901
8624,0.09211478460721
8625,0.115505264221638
8626,0.1318308918785846
8627,0.1328095657226994
8628,0.1243807238231539
8629,0.1562644901368729
8630,0.1473312354646216
8631,0.1276853422421939
8632,0.12537961881831772
8633,0.1070137912596653
8634,0.1009723328783104
8635,0.0971508530413628
8636,0.1051955233747397
8637,0.1384567544826269
8638,0.1838577397498359
8639,0.1668154801418029
8640,0.0713194021158469
8641,0.064087738915187
8642,0.0687448125170535
8643,0.0643809886241901
8644,0.0515290114592128
8645,0.0622189849971322
8646,0.058628426547172104
8647,0.0648666806722723
8648,0.07944812462827369
8649,0.10021299916735041
8650,0.1664643338365256
8651,0.1630751776223914
8652,0.143934717811534
8653,0.1304881472548593
8654,0.1649750987049058
8655,0.1025843524272711
8656,0.1282483597799429
8657,0.14774837167221572
8658,0.11932178538451291
8659,0.0963656126759852
8660,0.0983034603882905
8661,0.1512596287283822
8662,0.174716671907731
8663,0.1441587511777557
8664,0.0680788632989851
8665,0.0628647676530455
8666,0.06716736700699891
8667,0.058750153692894
8668,0.0498363999361748
8669,0.0589733260258067
8670,0.0546643559902563
8671,0.0650513306230413
8672,0.0767210037767988
8673,0.1071027480561816
8674,0.1752484417811775
8675,0.16735029762716
8676,0.1442099541570821
8677,0.1431271255599137
8678,0.1736369420270918
8679,0.0996247642154991
8680,0.12301049166967619
8681,0.1336677674314944
8682,0.1166277539480446
8683,0.0958347834371194
8684,0.100319117191009
8685,0.1581778593710868
8686,0.1808691352552469
8687,0.1539738647765942
8688,0.0674010176399756
8689,0.0517197160327388
8690,0.0525636534977107
8691,0.0503909288851778
8692,0.049104923062142605
8693,0.048671809203018404
8694,0.0556404370730675
8695,0.0721287443432023
8696,0.0905736595224976
8697,0.1147891949151868
8698,0.140742581801627
8699,0.14555202228849828
8700,0.1276536993858643
8701,0.150895755491955
8702,0.1461256204653439
8703,0.1302206861262574
8704,0.1203612404051909
8705,0.1116600158455435
8706,0.10631085680734359
8707,0.1008239223377134
8708,0.1021092998536368
8709,0.1322042583631819
8710,0.1813176773966378
8711,0.1668276971123725
8712,0.07487482814724811
8713,0.0518154536104952
8714,0.0507220614967768
8715,0.0492283924943181
8716,0.0511078742702779
8717,0.0512773454279091
8718,0.0542131628249308
8719,0.07117408638858
8720,0.0942022024017515
8721,0.1143395433630643
8722,0.1371751114145419
8723,0.1484028117802747
8724,0.1325039311409267
8725,0.1561368779239569
8726,0.143433876090454
8727,0.13581609930953908
8728,0.1143585603160016
8729,0.0948073837859295
8730,0.1061769852707264
8731,0.09572976910978029
8732,0.0990125493004935
8733,0.1307271124789916
8734,0.1939258679411612
8735,0.1906281090817213
8736,0.0749354817608031
8737,0.0506384499626536
8738,0.0500125149845454
8739,0.0503125707533309
8740,0.0502890936316938
8741,0.0498055632998053
8742,0.0545203454265578
8743,0.0748061825038253
8744,0.0940241373311278
8745,0.1107437412372359
8746,0.14157078944167428
8747,0.1477073471731717
8748,0.1265691034138186
8749,0.1507618024726073
8750,0.1509472401393358
8751,0.1356941711072169
8752,0.1183930499625892
8753,0.1086923544925319
8754,0.1109488124713554
8755,0.1055582010927323
8756,0.102932159263423
8757,0.130961296093935
8758,0.1881136388837643
8759,0.1762212894323281
8760,0.0740619434511426
